"MATCH_SEQ_NO","MATCH_DE","HOME_TEAM_NM","AWAY_TEAM_NM","STDM_NM","SPORTS_VIEWNG_NMPR_CO"
1,"20230401",키움,한화,고척,16000.00000
2,"20230401",SSG,KIA,문학,23000.00000
3,"20230401",KT,LG,수원,18700.00000
4,"20230401",두산,롯데,잠실,23750.00000
5,"20230401",삼성,NC,대구,24000.00000
6,"20230402",키움,한화,고척,11562.00000
7,"20230402",SSG,KIA,문학,23000.00000
8,"20230402",KT,LG,수원,14700.00000
9,"20230402",두산,롯데,잠실,23750.00000
10,"20230402",삼성,NC,대구,18483.00000
11,"20230404",삼성,한화,대구,5936.00000
12,"20230404",키움,LG,고척,4510.00000
13,"20230404",SSG,롯데,문학,5809.00000
14,"20230404",두산,NC,잠실,3924.00000
15,"20230405",키움,LG,고척,4194.00000
16,"20230405",두산,NC,잠실,2172.00000
17,"20230406",삼성,한화,대구,6525.00000
18,"20230406",키움,LG,고척,4556.00000
19,"20230406",두산,NC,잠실,3724.00000
20,"20230407",롯데,KT,사직,14734.00000
21,"20230407",KIA,두산,광주,12821.00000
22,"20230407",한화,SSG,한밭,10415.00000
23,"20230407",LG,삼성,잠실,17201.00000
24,"20230407",NC,키움,창원,6867.00000
25,"20230408",롯데,KT,사직,16555.00000
26,"20230408",KIA,두산,광주,16432.00000
27,"20230408",한화,SSG,한밭,11232.00000
28,"20230408",LG,삼성,잠실,22141.00000
29,"20230408",NC,키움,창원,9763.00000
30,"20230409",롯데,KT,사직,12283.00000
31,"20230409",KIA,두산,광주,14070.00000
32,"20230409",한화,SSG,한밭,9455.00000
33,"20230409",LG,삼성,잠실,20439.00000
34,"20230409",NC,키움,창원,7686.00000
35,"20230411",KIA,한화,광주,3623.00000
36,"20230411",NC,KT,창원,2069.00000
37,"20230411",롯데,LG,사직,5286.00000
38,"20230411",삼성,SSG,대구,3907.00000
39,"20230411",두산,키움,잠실,4372.00000
40,"20230412",KIA,한화,광주,5252.00000
41,"20230412",NC,KT,창원,2448.00000
42,"20230412",롯데,LG,사직,6519.00000
43,"20230412",삼성,SSG,대구,5405.00000
44,"20230413",KIA,한화,광주,5457.00000
45,"20230413",NC,KT,창원,3174.00000
46,"20230413",롯데,LG,사직,6505.00000
47,"20230413",삼성,SSG,대구,4648.00000
48,"20230413",두산,키움,잠실,6917.00000
49,"20230414",KT,한화,수원,7145.00000
50,"20230414",키움,KIA,고척,8043.00000
51,"20230414",삼성,롯데,대구,9124.00000
52,"20230414",SSG,NC,문학,8218.00000
53,"20230414",LG,두산,잠실,16528.00000
54,"20230415",KT,한화,수원,13212.00000
55,"20230415",키움,KIA,고척,13752.00000
56,"20230415",삼성,롯데,대구,18231.00000
57,"20230415",SSG,NC,문학,13956.00000
58,"20230415",LG,두산,잠실,21243.00000
59,"20230416",KT,한화,수원,13010.00000
60,"20230416",키움,KIA,고척,11265.00000
61,"20230416",삼성,롯데,대구,16076.00000
62,"20230416",SSG,NC,문학,13460.00000
63,"20230416",LG,두산,잠실,20090.00000
64,"20230418",롯데,KIA,사직,3829.00000
65,"20230418",LG,NC,잠실,6574.00000
66,"20230418",한화,두산,한밭,4012.00000
67,"20230418",KT,SSG,수원,3398.00000
68,"20230418",키움,삼성,고척,3104.00000
69,"20230419",롯데,KIA,사직,4869.00000
70,"20230419",LG,NC,잠실,7090.00000
71,"20230419",한화,두산,한밭,4212.00000
72,"20230419",KT,SSG,수원,3405.00000
73,"20230419",키움,삼성,고척,3869.00000
74,"20230420",롯데,KIA,사직,6423.00000
75,"20230420",LG,NC,잠실,9090.00000
76,"20230420",한화,두산,한밭,4122.00000
77,"20230420",KT,SSG,수원,4472.00000
78,"20230420",키움,삼성,고척,3918.00000
79,"20230421",두산,KT,잠실,6896.00000
80,"20230421",한화,LG,한밭,6004.00000
81,"20230421",NC,롯데,창원,12613.00000
82,"20230421",KIA,삼성,광주,6870.00000
83,"20230421",SSG,키움,문학,12374.00000
84,"20230422",두산,KT,잠실,13410.00000
85,"20230422",한화,LG,한밭,11152.00000
86,"20230422",NC,롯데,창원,15130.00000
87,"20230422",KIA,삼성,광주,12990.00000
88,"20230422",SSG,키움,문학,16535.00000
89,"20230423",두산,KT,잠실,10151.00000
90,"20230423",한화,LG,한밭,9023.00000
91,"20230423",NC,롯데,창원,13286.00000
92,"20230423",KIA,삼성,광주,10026.00000
93,"20230423",SSG,키움,문학,15878.00000
94,"20230425",키움,KT,고척,2956.00000
95,"20230425",KIA,NC,광주,2216.00000
96,"20230425",LG,SSG,잠실,7344.00000
97,"20230426",롯데,한화,사직,7905.00000
98,"20230426",키움,KT,고척,2489.00000
99,"20230426",KIA,NC,광주,4798.00000
100,"20230426",삼성,두산,대구,9213.00000
101,"20230426",LG,SSG,잠실,10419.00000
102,"20230427",롯데,한화,사직,10393.00000
103,"20230427",키움,KT,고척,3024.00000
104,"20230427",KIA,NC,광주,6017.00000
105,"20230427",삼성,두산,대구,8473.00000
106,"20230427",LG,SSG,잠실,13061.00000
107,"20230428",LG,KIA,잠실,22695.00000
108,"20230428",한화,NC,한밭,7242.00000
109,"20230428",SSG,두산,문학,14909.00000
110,"20230428",KT,삼성,수원,7314.00000
111,"20230428",롯데,키움,사직,14343.00000
112,"20230429",LG,KIA,잠실,23750.00000
113,"20230429",한화,NC,한밭,7813.00000
114,"20230429",SSG,두산,문학,20180.00000
115,"20230429",KT,삼성,수원,12039.00000
116,"20230430",LG,KIA,잠실,23750.00000
117,"20230430",한화,NC,한밭,10442.00000
118,"20230430",SSG,두산,문학,21026.00000
119,"20230430",KT,삼성,수원,14582.00000
120,"20230430",롯데,키움,사직,22990.00000
121,"20230502",두산,한화,잠실,9834.00000
122,"20230502",SSG,KT,문학,6950.00000
123,"20230502",NC,LG,창원,3939.00000
124,"20230502",KIA,롯데,광주,8892.00000
125,"20230502",삼성,키움,대구,10624.00000
126,"20230503",두산,한화,잠실,14271.00000
127,"20230503",SSG,KT,문학,7703.00000
128,"20230503",NC,LG,창원,4874.00000
129,"20230503",KIA,롯데,광주,13815.00000
130,"20230503",삼성,키움,대구,13394.00000
131,"20230504",두산,한화,잠실,10825.00000
132,"20230504",SSG,KT,문학,7529.00000
133,"20230504",삼성,키움,대구,12076.00000
134,"20230505",키움,SSG,고척,16000.00000
135,"20230506",키움,SSG,고척,11063.00000
136,"20230507",한화,KT,한밭,8551.00000
137,"20230507",두산,LG,잠실,22073.00000
138,"20230507",키움,SSG,고척,7623.00000
139,"20230509",KT,NC,수원,2764.00000
140,"20230509",롯데,두산,사직,11643.00000
141,"20230509",KIA,SSG,광주,8916.00000
142,"20230509",한화,삼성,한밭,5014.00000
143,"20230509",LG,키움,잠실,10421.00000
144,"20230510",KT,NC,수원,3734.00000
145,"20230510",롯데,두산,사직,11435.00000
146,"20230510",KIA,SSG,광주,8481.00000
147,"20230510",한화,삼성,한밭,5865.00000
148,"20230510",LG,키움,잠실,12125.00000
149,"20230511",KT,NC,수원,3934.00000
150,"20230511",롯데,두산,사직,13350.00000
151,"20230511",KIA,SSG,광주,8898.00000
152,"20230511",한화,삼성,한밭,6007.00000
153,"20230511",LG,키움,잠실,11773.00000
154,"20230512",SSG,한화,문학,14395.00000
155,"20230512",두산,KIA,잠실,20563.00000
156,"20230512",삼성,LG,대구,13765.00000
157,"20230512",KT,롯데,수원,10937.00000
158,"20230512",키움,NC,고척,3866.00000
159,"20230513",SSG,한화,문학,23000.00000
160,"20230513",두산,KIA,잠실,23750.00000
161,"20230513",삼성,LG,대구,21817.00000
162,"20230513",KT,롯데,수원,18700.00000
163,"20230513",키움,NC,고척,6573.00000
164,"20230514",SSG,한화,문학,20757.00000
165,"20230514",두산,KIA,잠실,23750.00000
166,"20230514",삼성,LG,대구,18569.00000
167,"20230514",KT,롯데,수원,15470.00000
168,"20230514",키움,NC,고척,5634.00000
169,"20230516",삼성,KIA,대구,9112.00000
170,"20230516",LG,KT,잠실,8567.00000
171,"20230516",한화,롯데,한밭,6138.00000
172,"20230516",키움,두산,고척,5662.00000
173,"20230516",NC,SSG,창원,4113.00000
174,"20230517",삼성,KIA,대구,10979.00000
175,"20230517",LG,KT,잠실,9838.00000
176,"20230517",한화,롯데,한밭,6269.00000
177,"20230517",키움,두산,고척,5232.00000
178,"20230517",NC,SSG,창원,4344.00000
179,"20230518",LG,KT,잠실,9155.00000
180,"20230518",한화,롯데,한밭,6116.00000
181,"20230518",키움,두산,고척,5742.00000
182,"20230519",LG,한화,잠실,19798.00000
183,"20230519",KT,두산,수원,6817.00000
184,"20230519",롯데,SSG,사직,19011.00000
185,"20230519",NC,삼성,창원,8493.00000
186,"20230519",KIA,키움,광주,11290.00000
187,"20230520",LG,한화,잠실,23750.00000
188,"20230520",KT,두산,수원,13253.00000
189,"20230520",롯데,SSG,사직,22990.00000
190,"20230520",NC,삼성,창원,14870.00000
191,"20230520",KIA,키움,광주,19030.00000
192,"20230521",LG,한화,잠실,22054.00000
193,"20230521",KT,두산,수원,10521.00000
194,"20230521",롯데,SSG,사직,22990.00000
195,"20230521",NC,삼성,창원,10910.00000
196,"20230521",KIA,키움,광주,14617.00000
197,"20230523",한화,KIA,한밭,6376.00000
198,"20230523",SSG,LG,문학,12508.00000
199,"20230523",롯데,NC,사직,15047.00000
200,"20230523",두산,삼성,잠실,10733.00000
201,"20230523",KT,키움,수원,4203.00000
202,"20230524",한화,KIA,한밭,7004.00000
203,"20230524",SSG,LG,문학,16829.00000
204,"20230524",롯데,NC,사직,14244.00000
205,"20230524",두산,삼성,잠실,11108.00000
206,"20230524",KT,키움,수원,5173.00000
207,"20230525",한화,KIA,한밭,8186.00000
208,"20230525",SSG,LG,문학,17575.00000
209,"20230525",롯데,NC,사직,15221.00000
210,"20230525",두산,삼성,잠실,11005.00000
211,"20230525",KT,키움,수원,5235.00000
212,"20230526",NC,한화,창원,5952.00000
213,"20230526",삼성,KT,대구,12874.00000
214,"20230526",KIA,LG,광주,10954.00000
215,"20230526",키움,롯데,고척,11692.00000
216,"20230526",두산,SSG,잠실,10428.00000
217,"20230527",NC,한화,창원,9558.00000
218,"20230527",삼성,KT,대구,17305.00000
219,"20230527",KIA,LG,광주,17931.00000
220,"20230527",키움,롯데,고척,16000.00000
221,"20230528",삼성,KT,대구,14523.00000
222,"20230528",KIA,LG,광주,17015.00000
223,"20230528",키움,롯데,고척,16000.00000
224,"20230530",KIA,KT,광주,5352.00000
225,"20230530",LG,롯데,잠실,20330.00000
226,"20230530",NC,두산,창원,3180.00000
227,"20230530",SSG,삼성,문학,10232.00000
228,"20230530",한화,키움,한밭,4486.00000
229,"20230531",KIA,KT,광주,7244.00000
230,"20230531",LG,롯데,잠실,21269.00000
231,"20230531",NC,두산,창원,4180.00000
232,"20230531",SSG,삼성,문학,10745.00000
233,"20230531",한화,키움,한밭,4384.00000
234,"20230601",LG,롯데,잠실,22020.00000
235,"20230601",SSG,삼성,문학,9028.00000
236,"20230601",한화,키움,한밭,5040.00000
237,"20230602",롯데,KIA,사직,18996.00000
238,"20230602",LG,NC,잠실,10238.00000
239,"20230602",KT,두산,수원,5157.00000
240,"20230602",한화,삼성,한밭,6675.00000
241,"20230602",SSG,키움,문학,12533.00000
242,"20230603",롯데,KIA,사직,22990.00000
243,"20230603",LG,NC,잠실,18890.00000
244,"20230603",KT,두산,수원,12155.00000
245,"20230603",한화,삼성,한밭,12000.00000
246,"20230603",SSG,키움,문학,19071.00000
247,"20230604",롯데,KIA,사직,22990.00000
248,"20230604",LG,NC,잠실,15096.00000
249,"20230604",KT,두산,수원,10239.00000
250,"20230604",한화,삼성,한밭,12000.00000
251,"20230604",SSG,키움,문학,17007.00000
252,"20230606",두산,한화,잠실,21146.00000
253,"20230606",롯데,KT,사직,20441.00000
254,"20230606",키움,LG,고척,14903.00000
255,"20230606",삼성,NC,대구,14639.00000
256,"20230606",KIA,SSG,광주,15130.00000
257,"20230607",두산,한화,잠실,8497.00000
258,"20230607",롯데,KT,사직,10066.00000
259,"20230607",키움,LG,고척,5390.00000
260,"20230607",삼성,NC,대구,7119.00000
261,"20230607",KIA,SSG,광주,7569.00000
262,"20230608",두산,한화,잠실,8509.00000
263,"20230608",롯데,KT,사직,10504.00000
264,"20230608",키움,LG,고척,6076.00000
265,"20230608",삼성,NC,대구,5989.00000
266,"20230608",KIA,SSG,광주,6646.00000
267,"20230609",두산,KIA,잠실,16250.00000
268,"20230609",한화,LG,한밭,6005.00000
269,"20230609",삼성,롯데,대구,15893.00000
270,"20230609",NC,SSG,창원,5110.00000
271,"20230609",KT,키움,수원,5033.00000
272,"20230610",두산,KIA,잠실,22233.00000
273,"20230610",한화,LG,한밭,11072.00000
274,"20230610",삼성,롯데,대구,24000.00000
275,"20230610",NC,SSG,창원,11026.00000
276,"20230610",KT,키움,수원,9622.00000
277,"20230611",두산,KIA,잠실,18623.00000
278,"20230611",한화,LG,한밭,7601.00000
279,"20230611",삼성,롯데,대구,18496.00000
280,"20230611",NC,SSG,창원,7210.00000
281,"20230611",KT,키움,수원,6806.00000
282,"20230613",롯데,한화,사직,16007.00000
283,"20230613",키움,KIA,고척,7834.00000
284,"20230613",SSG,KT,문학,6568.00000
285,"20230613",NC,두산,창원,3699.00000
286,"20230613",LG,삼성,잠실,11103.00000
287,"20230614",롯데,한화,사직,10803.00000
288,"20230614",키움,KIA,고척,8016.00000
289,"20230614",SSG,KT,문학,6579.00000
290,"20230614",NC,두산,창원,3154.00000
291,"20230614",LG,삼성,잠실,11725.00000
292,"20230615",롯데,한화,사직,12594.00000
293,"20230615",키움,KIA,고척,8528.00000
294,"20230615",SSG,KT,문학,6736.00000
295,"20230615",NC,두산,창원,3633.00000
296,"20230615",LG,삼성,잠실,12023.00000
297,"20230616",SSG,롯데,문학,18013.00000
298,"20230616",KIA,NC,광주,10170.00000
299,"20230616",LG,두산,잠실,18826.00000
300,"20230616",KT,삼성,수원,6998.00000
301,"20230616",한화,키움,한밭,7005.00000
302,"20230617",SSG,롯데,문학,23000.00000
303,"20230617",KIA,NC,광주,15992.00000
304,"20230617",LG,두산,잠실,22878.00000
305,"20230617",KT,삼성,수원,14935.00000
306,"20230617",한화,키움,한밭,11008.00000
307,"20230618",SSG,롯데,문학,19156.00000
308,"20230618",KIA,NC,광주,13967.00000
309,"20230618",LG,두산,잠실,19038.00000
310,"20230618",KT,삼성,수원,10137.00000
311,"20230618",한화,키움,한밭,8163.00000
312,"20230620",한화,KIA,한밭,5451.00000
313,"20230620",NC,LG,창원,3433.00000
314,"20230620",KT,롯데,수원,5773.00000
315,"20230620",두산,SSG,잠실,6186.00000
316,"20230620",삼성,키움,대구,7667.00000
317,"20230621",한화,KIA,한밭,5207.00000
318,"20230621",NC,LG,창원,3571.00000
319,"20230621",KT,롯데,수원,6024.00000
320,"20230621",두산,SSG,잠실,5473.00000
321,"20230621",삼성,키움,대구,7453.00000
322,"20230622",한화,KIA,한밭,7675.00000
323,"20230622",NC,LG,창원,4997.00000
324,"20230622",KT,롯데,수원,7861.00000
325,"20230622",두산,SSG,잠실,7291.00000
326,"20230622",삼성,키움,대구,10176.00000
327,"20230623",NC,한화,창원,6376.00000
328,"20230623",KIA,KT,광주,9018.00000
329,"20230623",LG,롯데,잠실,21089.00000
330,"20230623",키움,두산,고척,7316.00000
331,"20230623",SSG,삼성,문학,12744.00000
332,"20230624",NC,한화,창원,13791.00000
333,"20230624",KIA,KT,광주,14043.00000
334,"20230624",LG,롯데,잠실,23750.00000
335,"20230624",키움,두산,고척,11717.00000
336,"20230624",SSG,삼성,문학,20062.00000
337,"20230625",LG,롯데,잠실,20846.00000
338,"20230625",키움,두산,고척,9549.00000
339,"20230625",SSG,삼성,문학,14722.00000
340,"20230627",한화,KT,한밭,4625.00000
341,"20230627",SSG,LG,문학,12244.00000
342,"20230627",두산,NC,잠실,5302.00000
343,"20230627",롯데,삼성,사직,11654.00000
344,"20230627",KIA,키움,광주,5349.00000
345,"20230628",한화,KT,한밭,5007.00000
346,"20230628",SSG,LG,문학,11045.00000
347,"20230628",두산,NC,잠실,5400.00000
348,"20230628",롯데,삼성,사직,13787.00000
349,"20230628",KIA,키움,광주,4816.00000
350,"20230630",삼성,한화,대구,8114.00000
351,"20230630",LG,KIA,잠실,20568.00000
352,"20230630",KT,NC,수원,4596.00000
353,"20230630",롯데,두산,울산,6894.00000
354,"20230630",키움,SSG,고척,7164.00000
355,"20230701",삼성,한화,대구,18151.00000
356,"20230701",LG,KIA,잠실,23750.00000
357,"20230701",KT,NC,수원,9551.00000
358,"20230701",롯데,두산,울산,10013.00000
359,"20230701",키움,SSG,고척,10836.00000
360,"20230702",삼성,한화,대구,12395.00000
361,"20230702",LG,KIA,잠실,20959.00000
362,"20230702",KT,NC,수원,5406.00000
363,"20230702",롯데,두산,울산,7588.00000
364,"20230702",키움,SSG,고척,9512.00000
365,"20230704",키움,NC,고척,4474.00000
366,"20230704",삼성,두산,포항,4182.00000
367,"20230705",SSG,KIA,문학,13025.00000
368,"20230705",LG,KT,잠실,9707.00000
369,"20230705",한화,롯데,한밭,7760.00000
370,"20230705",키움,NC,고척,4027.00000
371,"20230705",삼성,두산,포항,5902.00000
372,"20230706",SSG,KIA,문학,17513.00000
373,"20230706",LG,KT,잠실,10736.00000
374,"20230706",한화,롯데,한밭,10061.00000
375,"20230706",키움,NC,고척,4013.00000
376,"20230706",삼성,두산,포항,6923.00000
377,"20230707",KT,KIA,수원,16315.00000
378,"20230707",두산,키움,잠실,14123.00000
379,"20230708",KT,KIA,수원,18700.00000
380,"20230708",롯데,LG,사직,19496.00000
381,"20230708",한화,SSG,한밭,12000.00000
382,"20230708",NC,삼성,창원,12462.00000
383,"20230708",두산,키움,잠실,19676.00000
384,"20230709",KT,KIA,수원,18700.00000
385,"20230709",롯데,LG,사직,15860.00000
386,"20230709",한화,SSG,한밭,10168.00000
387,"20230709",NC,삼성,창원,8522.00000
388,"20230709",두산,키움,잠실,11472.00000
389,"20230711",키움,KT,고척,4217.00000
390,"20230712",LG,한화,잠실,17812.00000
391,"20230712",키움,KT,고척,3890.00000
392,"20230712",NC,롯데,창원,13074.00000
393,"20230712",SSG,두산,문학,19699.00000
394,"20230712",KIA,삼성,광주,8470.00000
395,"20230713",키움,KT,고척,4520.00000
396,"20230713",NC,롯데,창원,10316.00000
397,"20230713",KIA,삼성,광주,7085.00000
398,"20230721",삼성,KT,대구,7833.00000
399,"20230721",한화,NC,한밭,8475.00000
400,"20230721",KIA,두산,광주,9779.00000
401,"20230721",LG,SSG,잠실,17524.00000
402,"20230721",롯데,키움,사직,13431.00000
403,"20230722",삼성,KT,대구,10356.00000
404,"20230722",한화,NC,한밭,10021.00000
405,"20230722",롯데,키움,사직,14266.00000
406,"20230723",삼성,KT,대구,8613.00000
407,"20230723",롯데,키움,사직,11470.00000
408,"20230725",키움,한화,고척,9886.00000
409,"20230725",NC,KIA,창원,5668.00000
410,"20230725",KT,LG,수원,7948.00000
411,"20230725",두산,롯데,잠실,12700.00000
412,"20230725",삼성,SSG,대구,5557.00000
413,"20230726",키움,한화,고척,11324.00000
414,"20230726",NC,KIA,창원,6325.00000
415,"20230726",KT,LG,수원,8134.00000
416,"20230726",두산,롯데,잠실,13620.00000
417,"20230726",삼성,SSG,대구,6955.00000
418,"20230727",키움,한화,고척,11650.00000
419,"20230727",NC,KIA,창원,7279.00000
420,"20230727",KT,LG,수원,8413.00000
421,"20230727",두산,롯데,잠실,12511.00000
422,"20230727",삼성,SSG,대구,7663.00000
423,"20230728",SSG,한화,문학,14386.00000
424,"20230728",NC,KT,창원,4676.00000
425,"20230728",두산,LG,잠실,16987.00000
426,"20230728",KIA,롯데,광주,10295.00000
427,"20230728",키움,삼성,고척,7755.00000
428,"20230729",SSG,한화,문학,21344.00000
429,"20230729",NC,KT,창원,8309.00000
430,"20230729",두산,LG,잠실,21126.00000
431,"20230729",KIA,롯데,광주,14754.00000
432,"20230729",키움,삼성,고척,11851.00000
433,"20230730",SSG,한화,문학,18158.00000
434,"20230730",NC,KT,창원,6181.00000
435,"20230730",두산,LG,잠실,19500.00000
436,"20230730",KIA,롯데,광주,11796.00000
437,"20230730",키움,삼성,고척,11235.00000
438,"20230801",삼성,KIA,포항,6912.00000
439,"20230801",롯데,NC,사직,13326.00000
440,"20230801",한화,두산,한밭,10225.00000
441,"20230801",KT,SSG,수원,7831.00000
442,"20230801",LG,키움,잠실,12159.00000
443,"20230802",삼성,KIA,포항,6477.00000
444,"20230802",롯데,NC,사직,11444.00000
445,"20230802",한화,두산,한밭,9011.00000
446,"20230802",KT,SSG,수원,7780.00000
447,"20230802",LG,키움,잠실,11740.00000
448,"20230803",삼성,KIA,포항,6357.00000
449,"20230803",롯데,NC,사직,10162.00000
450,"20230803",한화,두산,한밭,9024.00000
451,"20230803",KT,SSG,수원,7521.00000
452,"20230803",LG,키움,잠실,12179.00000
453,"20230804",KIA,한화,광주,11495.00000
454,"20230804",두산,KT,잠실,6358.00000
455,"20230804",삼성,LG,대구,10856.00000
456,"20230804",롯데,SSG,사직,8545.00000
457,"20230804",NC,키움,창원,5107.00000
458,"20230805",KIA,한화,광주,13487.00000
459,"20230805",두산,KT,잠실,8847.00000
460,"20230805",삼성,LG,대구,15879.00000
461,"20230805",롯데,SSG,사직,10670.00000
462,"20230805",NC,키움,창원,8244.00000
463,"20230806",KIA,한화,광주,10125.00000
464,"20230806",두산,KT,잠실,6744.00000
465,"20230806",삼성,LG,대구,11446.00000
466,"20230806",롯데,SSG,사직,8162.00000
467,"20230806",NC,키움,창원,6583.00000
468,"20230808",KT,한화,수원,9704.00000
469,"20230808",키움,롯데,고척,8376.00000
470,"20230808",SSG,NC,문학,8131.00000
471,"20230808",두산,삼성,잠실,8519.00000
472,"20230809",KT,한화,수원,10099.00000
473,"20230809",KIA,LG,광주,3700.00000
474,"20230809",키움,롯데,고척,7424.00000
475,"20230809",SSG,NC,문학,6473.00000
476,"20230809",두산,삼성,잠실,8344.00000
477,"20230810",키움,롯데,고척,6240.00000
478,"20230811",롯데,KIA,사직,10118.00000
479,"20230811",KT,NC,수원,5969.00000
480,"20230811",한화,두산,한밭,7333.00000
481,"20230811",SSG,삼성,문학,7495.00000
482,"20230811",LG,키움,잠실,11910.00000
483,"20230812",롯데,KIA,사직,16677.00000
484,"20230812",KT,NC,수원,10138.00000
485,"20230812",한화,두산,한밭,12000.00000
486,"20230812",SSG,삼성,문학,18055.00000
487,"20230812",LG,키움,잠실,17624.00000
488,"20230813",롯데,KIA,사직,14325.00000
489,"20230813",KT,NC,수원,9736.00000
490,"20230813",한화,두산,한밭,11007.00000
491,"20230813",SSG,삼성,문학,16473.00000
492,"20230813",LG,키움,잠실,18279.00000
493,"20230815",NC,한화,창원,10116.00000
494,"20230815",두산,KT,잠실,11069.00000
495,"20230815",삼성,LG,대구,14248.00000
496,"20230815",롯데,SSG,사직,11871.00000
497,"20230815",KIA,키움,광주,11541.00000
498,"20230816",NC,한화,창원,5033.00000
499,"20230816",두산,KT,잠실,5160.00000
500,"20230816",삼성,LG,대구,7441.00000
501,"20230816",롯데,SSG,사직,10542.00000
502,"20230816",KIA,키움,광주,7050.00000
503,"20230817",NC,한화,창원,4875.00000
504,"20230817",두산,KT,잠실,4943.00000
505,"20230817",삼성,LG,대구,7415.00000
506,"20230817",롯데,SSG,사직,9843.00000
507,"20230817",KIA,키움,광주,6159.00000
508,"20230818",삼성,KIA,대구,10630.00000
509,"20230818",한화,KT,한밭,7003.00000
510,"20230818",SSG,LG,문학,14549.00000
511,"20230818",키움,롯데,고척,8817.00000
512,"20230819",삼성,KIA,대구,17448.00000
513,"20230819",한화,KT,한밭,11606.00000
514,"20230819",SSG,LG,문학,23000.00000
515,"20230819",키움,롯데,고척,13423.00000
516,"20230819",두산,NC,잠실,12240.00000
517,"20230820",삼성,KIA,대구,12586.00000
518,"20230820",한화,KT,한밭,8762.00000
519,"20230820",SSG,LG,문학,18441.00000
520,"20230820",키움,롯데,고척,12545.00000
521,"20230820",두산,NC,잠실,8286.00000
522,"20230822",KT,KIA,수원,7916.00000
523,"20230822",키움,두산,고척,6455.00000
524,"20230822",한화,삼성,한밭,5806.00000
525,"20230823",키움,두산,고척,6455.00000
526,"20230824",KT,KIA,수원,9846.00000
527,"20230824",LG,롯데,잠실,15547.00000
528,"20230824",SSG,NC,문학,6683.00000
529,"20230824",키움,두산,고척,6819.00000
530,"20230825",KIA,한화,광주,8457.00000
531,"20230825",롯데,KT,사직,10709.00000
532,"20230825",NC,LG,창원,9288.00000
533,"20230825",두산,SSG,잠실,8363.00000
534,"20230825",삼성,키움,대구,11135.00000
535,"20230826",KIA,한화,광주,16812.00000
536,"20230826",롯데,KT,사직,15657.00000
537,"20230826",NC,LG,창원,13484.00000
538,"20230826",두산,SSG,잠실,15101.00000
539,"20230826",삼성,키움,대구,17586.00000
540,"20230827",KIA,한화,광주,12627.00000
541,"20230827",롯데,KT,사직,10735.00000
542,"20230827",NC,LG,창원,8771.00000
543,"20230827",두산,SSG,잠실,11300.00000
544,"20230827",삼성,키움,대구,13461.00000
545,"20230830",SSG,키움,문학,7809.00000
546,"20230831",한화,롯데,한밭,7179.00000
547,"20230831",KIA,NC,광주,7152.00000
548,"20230831",LG,두산,잠실,17859.00000
549,"20230831",KT,삼성,수원,8071.00000
550,"20230831",SSG,키움,문학,9780.00000
551,"20230901",LG,한화,잠실,20381.00000
552,"20230901",SSG,KIA,문학,17281.00000
553,"20230901",키움,KT,고척,3746.00000
554,"20230901",삼성,NC,대구,12843.00000
555,"20230902",LG,한화,잠실,23574.00000
556,"20230902",SSG,KIA,문학,23000.00000
557,"20230902",키움,KT,고척,6731.00000
558,"20230902",삼성,NC,대구,20468.00000
559,"20230903",LG,한화,잠실,22858.00000
560,"20230903",SSG,KIA,문학,23000.00000
561,"20230903",키움,KT,고척,5778.00000
562,"20230903",삼성,NC,대구,14601.00000
563,"20230903",롯데,두산,사직,11436.00000
564,"20230904",롯데,두산,사직,4621.00000
565,"20230905",KT,LG,수원,10153.00000
566,"20230905",한화,SSG,한밭,5124.00000
567,"20230905",롯데,삼성,울산,5999.00000
568,"20230905",NC,키움,창원,3511.00000
569,"20230906",두산,KIA,잠실,20468.00000
570,"20230906",KT,LG,수원,10075.00000
571,"20230906",한화,SSG,한밭,7213.00000
572,"20230906",롯데,삼성,울산,6380.00000
573,"20230906",NC,키움,창원,4269.00000
574,"20230907",두산,KIA,잠실,21838.00000
575,"20230907",KT,LG,수원,10799.00000
576,"20230907",한화,SSG,한밭,7236.00000
577,"20230907",롯데,삼성,울산,7156.00000
578,"20230907",NC,키움,창원,4780.00000
579,"20230908",키움,한화,고척,7715.00000
580,"20230908",KIA,LG,광주,12280.00000
581,"20230908",NC,롯데,창원,12684.00000
582,"20230908",KT,SSG,수원,7200.00000
583,"20230908",두산,삼성,잠실,15991.00000
584,"20230909",키움,한화,고척,9962.00000
585,"20230909",키움,한화,고척,10028.00000
586,"20230909",KIA,LG,광주,11820.00000
587,"20230909",KIA,LG,광주,18462.00000
588,"20230909",NC,롯데,창원,10933.00000
589,"20230909",NC,롯데,창원,17861.00000
590,"20230909",KT,SSG,수원,13739.00000
591,"20230909",두산,삼성,잠실,14279.00000
592,"20230909",두산,삼성,잠실,21514.00000
593,"20230910",키움,한화,고척,11313.00000
594,"20230910",KIA,LG,광주,13948.00000
595,"20230910",NC,롯데,창원,13984.00000
596,"20230910",KT,SSG,수원,11212.00000
597,"20230910",두산,삼성,잠실,17467.00000
598,"20230912",두산,한화,잠실,10169.00000
599,"20230912",삼성,KIA,대구,9037.00000
600,"20230912",SSG,KT,문학,10309.00000
601,"20230912",롯데,NC,사직,8202.00000
602,"20230913",NC,KT,창원,3919.00000
603,"20230913",KIA,롯데,광주,6323.00000
604,"20230914",삼성,KT,대구,6850.00000
605,"20230914",두산,SSG,잠실,7257.00000
606,"20230915",한화,LG,한밭,5724.00000
607,"20230915",KIA,두산,광주,7350.00000
608,"20230915",NC,삼성,창원,4129.00000
609,"20230915",롯데,키움,사직,6409.00000
610,"20230916",LG,SSG,잠실,18576.00000
611,"20230917",한화,KT,한밭,7406.00000
612,"20230917",한화,KT,한밭,6228.00000
613,"20230917",삼성,롯데,대구,18746.00000
614,"20230917",KIA,두산,광주,12878.00000
615,"20230917",LG,SSG,잠실,15193.00000
616,"20230917",LG,SSG,잠실,14237.00000
617,"20230918",한화,KT,한밭,3425.00000
618,"20230918",KIA,두산,광주,3482.00000
619,"20230919",KIA,LG,광주,8871.00000
620,"20230919",두산,NC,잠실,6726.00000
621,"20230919",한화,SSG,한밭,4014.00000
622,"20230919",KT,삼성,수원,7216.00000
623,"20230919",롯데,키움,사직,5523.00000
624,"20230921",한화,KIA,한밭,7747.00000
625,"20230921",SSG,LG,문학,12353.00000
626,"20230921",KT,롯데,수원,7691.00000
627,"20230921",키움,NC,고척,5178.00000
628,"20230921",삼성,두산,대구,7596.00000
629,"20230922",KIA,KT,광주,10221.00000
630,"20230922",SSG,롯데,문학,11561.00000
631,"20230922",LG,NC,잠실,16269.00000
632,"20230922",삼성,두산,대구,11568.00000
633,"20230922",한화,키움,한밭,7088.00000
634,"20230923",LG,한화,잠실,22765.00000
635,"20230923",KIA,KT,광주,13846.00000
636,"20230923",SSG,롯데,문학,19725.00000
637,"20230923",NC,두산,창원,11026.00000
638,"20230924",LG,한화,잠실,20369.00000
639,"20230924",KIA,KT,광주,10108.00000
640,"20230924",SSG,롯데,문학,16280.00000
641,"20230924",NC,두산,창원,8247.00000
642,"20230926",NC,KIA,창원,6945.00000
643,"20230927",NC,KIA,창원,3775.00000
644,"20230927",NC,KIA,창원,8190.00000
645,"20230927",LG,KT,잠실,5656.00000
646,"20230927",LG,KT,잠실,14733.00000
647,"20230927",SSG,두산,문학,6526.00000
648,"20230927",SSG,두산,문학,12132.00000
649,"20230927",한화,삼성,한밭,2807.00000
650,"20230927",한화,삼성,한밭,7281.00000
651,"20230928",롯데,한화,사직,12227.00000
652,"20230928",NC,KIA,창원,11864.00000
653,"20230928",키움,SSG,고척,7082.00000
654,"20230928",LG,삼성,잠실,21057.00000
655,"20230929",롯데,한화,사직,10279.00000
656,"20230929",키움,KIA,고척,14472.00000
657,"20230929",두산,LG,잠실,20951.00000
658,"20230930",SSG,KIA,문학,22191.00000
659,"20230930",두산,LG,잠실,23750.00000
660,"20230930",삼성,NC,대구,24000.00000
661,"20231001",SSG,KIA,문학,22701.00000
662,"20231001",두산,LG,잠실,23750.00000
663,"20231001",한화,NC,한밭,11004.00000
664,"20231001",롯데,삼성,사직,20159.00000
665,"20231001",KT,키움,수원,11337.00000
666,"20231002",KT,LG,수원,18700.00000
667,"20231002",한화,NC,한밭,12000.00000
668,"20231002",롯데,삼성,사직,15868.00000
669,"20231002",롯데,삼성,사직,16293.00000
670,"20231002",두산,키움,잠실,18050.00000
671,"20231003",KT,KIA,수원,16841.00000
672,"20231003",SSG,NC,문학,14507.00000
673,"20231003",롯데,삼성,사직,13042.00000
674,"20231003",두산,키움,잠실,14588.00000
675,"20231004",삼성,한화,대구,12571.00000
676,"20231004",KT,KIA,수원,3908.00000
677,"20231004",KT,KIA,수원,5907.00000
678,"20231004",롯데,LG,사직,6970.00000
679,"20231004",SSG,NC,문학,8006.00000
680,"20231005",삼성,한화,대구,14483.00000
681,"20231005",KT,KIA,수원,7264.00000
682,"20231005",롯데,LG,사직,10040.00000
683,"20231005",SSG,NC,문학,9004.00000
684,"20231006",SSG,한화,문학,15755.00000
685,"20231006",LG,KIA,잠실,23750.00000
686,"20231006",KT,삼성,수원,8132.00000
687,"20231007",KT,한화,수원,15210.00000
688,"20231007",키움,LG,고척,13301.00000
689,"20231007",두산,롯데,잠실,19916.00000
690,"20231007",NC,SSG,창원,13479.00000
691,"20231008",KT,한화,수원,15197.00000
692,"20231008",두산,롯데,잠실,21392.00000
693,"20231008",NC,SSG,창원,10073.00000
694,"20231008",KIA,삼성,광주,16005.00000
695,"20231009",NC,한화,창원,8716.00000
696,"20231009",LG,롯데,잠실,22807.00000
697,"20231009",KIA,삼성,광주,12758.00000
698,"20231010",NC,한화,창원,7342.00000
699,"20231010",LG,롯데,잠실,18521.00000
700,"20231010",KT,두산,수원,10937.00000
701,"20231010",KIA,SSG,광주,8333.00000
702,"20231010",키움,삼성,고척,11757.00000
703,"20231011",롯데,두산,사직,9940.00000
704,"20231011",KIA,키움,광주,3656.00000
705,"20231012",KIA,롯데,광주,4767.00000
706,"20231012",두산,NC,잠실,7113.00000
707,"20231013",두산,KIA,잠실,19188.00000
708,"20231013",NC,LG,창원,6257.00000
709,"20231013",SSG,키움,문학,16783.00000
710,"20231014",한화,롯데,한밭,9153.00000
711,"20231014",LG,두산,잠실,21771.00000
712,"20231014",삼성,SSG,대구,24000.00000
713,"20231015",한화,롯데,한밭,9840.00000
714,"20231015",LG,두산,잠실,23750.00000
715,"20231015",NC,삼성,창원,17861.00000
716,"20231016",한화,롯데,한밭,12000.00000
717,"20231016",KIA,NC,광주,5251.00000
718,"20231016",두산,SSG,잠실,15850.00000
719,"20231017",KIA,NC,광주,10175.00000
720,"20231017",SSG,두산,문학,21007.00000
721,"20240323",LG,한화,잠실,23750.00000
722,"20240323",SSG,롯데,문학,23000.00000
723,"20240323",NC,두산,창원,17891.00000
724,"20240323",KT,삼성,수원,18700.00000
725,"20240323",KIA,키움,광주,20500.00000
726,"20240324",LG,한화,잠실,23750.00000
727,"20240324",SSG,롯데,문학,23000.00000
728,"20240324",NC,두산,창원,14555.00000
729,"20240324",KT,삼성,수원,18700.00000
730,"20240326",SSG,한화,문학,10541.00000
731,"20240326",KIA,롯데,광주,7328.00000
732,"20240326",KT,두산,수원,4378.00000
733,"20240326",LG,삼성,잠실,14229.00000
734,"20240326",NC,키움,창원,2839.00000
735,"20240327",SSG,한화,문학,11005.00000
736,"20240327",KIA,롯데,광주,8672.00000
737,"20240327",KT,두산,수원,5271.00000
738,"20240327",LG,삼성,잠실,18041.00000
739,"20240327",NC,키움,창원,3681.00000
740,"20240328",SSG,한화,문학,11755.00000
741,"20240328",KT,두산,수원,4304.00000
742,"20240328",LG,삼성,잠실,13420.00000
743,"20240329",두산,KIA,잠실,23750.00000
744,"20240329",한화,KT,한밭,12000.00000
745,"20240329",키움,LG,고척,8465.00000
746,"20240329",롯데,NC,사직,21554.00000
747,"20240329",삼성,SSG,대구,21479.00000
748,"20240330",두산,KIA,잠실,23750.00000
749,"20240330",한화,KT,한밭,12000.00000
750,"20240330",키움,LG,고척,13462.00000
751,"20240330",롯데,NC,사직,22754.00000
752,"20240330",삼성,SSG,대구,24000.00000
753,"20240331",두산,KIA,잠실,23750.00000
754,"20240331",한화,KT,한밭,12000.00000
755,"20240331",키움,LG,고척,11822.00000
756,"20240331",롯데,NC,사직,21578.00000
757,"20240331",삼성,SSG,대구,22886.00000
758,"20240402",KT,KIA,수원,9682.00000
759,"20240402",한화,롯데,한밭,12000.00000
760,"20240402",LG,NC,잠실,11845.00000
761,"20240402",SSG,두산,문학,12379.00000
762,"20240402",삼성,키움,대구,8541.00000
763,"20240403",KT,KIA,수원,8050.00000
764,"20240403",LG,NC,잠실,10239.00000
765,"20240403",SSG,두산,문학,12128.00000
766,"20240404",KT,KIA,수원,10722.00000
767,"20240404",한화,롯데,한밭,12000.00000
768,"20240404",LG,NC,잠실,11406.00000
769,"20240404",SSG,두산,문학,14249.00000
770,"20240404",삼성,키움,대구,8193.00000
771,"20240405",키움,한화,고척,16000.00000
772,"20240405",LG,KT,잠실,13818.00000
773,"20240405",롯데,두산,사직,12289.00000
774,"20240405",NC,SSG,창원,5452.00000
775,"20240405",KIA,삼성,광주,14233.00000
776,"20240406",키움,한화,고척,16000.00000
777,"20240406",LG,KT,잠실,21824.00000
778,"20240406",롯데,두산,사직,19208.00000
779,"20240406",NC,SSG,창원,11064.00000
780,"20240406",KIA,삼성,광주,20500.00000
781,"20240407",키움,한화,고척,16000.00000
782,"20240407",LG,KT,잠실,19249.00000
783,"20240407",롯데,두산,사직,16755.00000
784,"20240407",NC,SSG,창원,8861.00000
785,"20240407",KIA,삼성,광주,20500.00000
786,"20240409",두산,한화,잠실,23598.00000
787,"20240409",NC,KT,창원,4918.00000
788,"20240409",KIA,LG,광주,11817.00000
789,"20240409",롯데,삼성,사직,15076.00000
790,"20240409",SSG,키움,문학,9468.00000
791,"20240410",두산,한화,잠실,23750.00000
792,"20240410",NC,KT,창원,9895.00000
793,"20240410",KIA,LG,광주,20500.00000
794,"20240410",롯데,삼성,사직,22758.00000
795,"20240410",SSG,키움,문학,20511.00000
796,"20240411",두산,한화,잠실,22157.00000
797,"20240411",NC,KT,창원,3311.00000
798,"20240411",KIA,LG,광주,11475.00000
799,"20240411",롯데,삼성,사직,11628.00000
800,"20240411",SSG,키움,문학,7250.00000
801,"20240412",한화,KIA,한밭,12000.00000
802,"20240412",두산,LG,잠실,19916.00000
803,"20240412",키움,롯데,고척,8838.00000
804,"20240412",삼성,NC,대구,13104.00000
805,"20240412",KT,SSG,수원,6912.00000
806,"20240413",한화,KIA,한밭,12000.00000
807,"20240413",두산,LG,잠실,23750.00000
808,"20240413",키움,롯데,고척,14197.00000
809,"20240413",삼성,NC,대구,24000.00000
810,"20240413",KT,SSG,수원,13995.00000
811,"20240414",한화,KIA,한밭,12000.00000
812,"20240414",두산,LG,잠실,22586.00000
813,"20240414",키움,롯데,고척,12333.00000
814,"20240414",삼성,NC,대구,20667.00000
815,"20240414",KT,SSG,수원,11280.00000
816,"20240416",NC,한화,창원,4658.00000
817,"20240416",SSG,KIA,문학,12712.00000
818,"20240416",키움,KT,고척,2877.00000
819,"20240416",LG,롯데,잠실,16635.00000
820,"20240416",삼성,두산,대구,7793.00000
821,"20240417",NC,한화,창원,9921.00000
822,"20240417",SSG,KIA,문학,16062.00000
823,"20240417",키움,KT,고척,3272.00000
824,"20240417",LG,롯데,잠실,16509.00000
825,"20240417",삼성,두산,대구,8393.00000
826,"20240418",SSG,KIA,문학,14263.00000
827,"20240418",키움,KT,고척,2901.00000
828,"20240418",LG,롯데,잠실,18200.00000
829,"20240418",삼성,두산,대구,8697.00000
830,"20240419",롯데,KT,사직,10636.00000
831,"20240419",SSG,LG,문학,14097.00000
832,"20240419",KIA,NC,광주,16889.00000
833,"20240419",한화,삼성,한밭,12000.00000
834,"20240419",두산,키움,잠실,10649.00000
835,"20240420",KIA,NC,광주,17462.00000
836,"20240420",한화,삼성,한밭,12000.00000
837,"20240421",롯데,KT,사직,14423.00000
838,"20240421",롯데,KT,사직,7582.00000
839,"20240421",SSG,LG,문학,19858.00000
840,"20240421",SSG,LG,문학,9656.00000
841,"20240421",KIA,NC,광주,20500.00000
842,"20240421",한화,삼성,한밭,12000.00000
843,"20240421",두산,키움,잠실,13745.00000
844,"20240421",두산,키움,잠실,6197.00000
845,"20240423",KT,한화,수원,10887.00000
846,"20240423",키움,KIA,고척,10205.00000
847,"20240423",삼성,LG,대구,7494.00000
848,"20240423",두산,NC,잠실,5664.00000
849,"20240424",KT,한화,수원,12538.00000
850,"20240424",키움,KIA,고척,11048.00000
851,"20240424",삼성,LG,대구,10159.00000
852,"20240424",두산,NC,잠실,6444.00000
853,"20240424",롯데,SSG,사직,8499.00000
854,"20240425",KT,한화,수원,11247.00000
855,"20240425",키움,KIA,고척,13287.00000
856,"20240425",삼성,LG,대구,12012.00000
857,"20240425",두산,NC,잠실,7385.00000
858,"20240425",롯데,SSG,사직,10518.00000
859,"20240426",LG,KIA,잠실,23750.00000
860,"20240426",SSG,KT,문학,10075.00000
861,"20240426",NC,롯데,창원,16573.00000
862,"20240426",한화,두산,한밭,12000.00000
863,"20240426",키움,삼성,고척,9519.00000
864,"20240427",LG,KIA,잠실,23750.00000
865,"20240427",SSG,KT,문학,16957.00000
866,"20240427",NC,롯데,창원,17891.00000
867,"20240427",한화,두산,한밭,12000.00000
868,"20240427",키움,삼성,고척,15073.00000
869,"20240428",LG,KIA,잠실,23750.00000
870,"20240428",SSG,KT,문학,13196.00000
871,"20240428",NC,롯데,창원,17891.00000
872,"20240428",한화,두산,한밭,12000.00000
873,"20240428",키움,삼성,고척,13354.00000
874,"20240430",KIA,KT,광주,17210.00000
875,"20240430",NC,LG,창원,7278.00000
876,"20240430",한화,SSG,한밭,12000.00000
877,"20240430",두산,삼성,잠실,20170.00000
878,"20240430",롯데,키움,사직,13376.00000
879,"20240501",KIA,KT,광주,17402.00000
880,"20240501",NC,LG,창원,10397.00000
881,"20240501",한화,SSG,한밭,12000.00000
882,"20240501",두산,삼성,잠실,23750.00000
883,"20240501",롯데,키움,사직,14791.00000
884,"20240502",KIA,KT,광주,16502.00000
885,"20240502",NC,LG,창원,6338.00000
886,"20240502",한화,SSG,한밭,10890.00000
887,"20240502",두산,삼성,잠실,20395.00000
888,"20240502",롯데,키움,사직,12569.00000
889,"20240503",KIA,한화,광주,20500.00000
890,"20240503",삼성,롯데,대구,24000.00000
891,"20240503",SSG,NC,문학,13737.00000
892,"20240503",LG,두산,잠실,23750.00000
893,"20240503",KT,키움,수원,8213.00000
894,"20240504",KIA,한화,광주,20500.00000
895,"20240504",삼성,롯데,대구,24000.00000
896,"20240504",SSG,NC,문학,22079.00000
897,"20240504",LG,두산,잠실,23750.00000
898,"20240504",KT,키움,수원,14620.00000
899,"20240507",키움,두산,고척,7339.00000
900,"20240507",LG,SSG,잠실,13387.00000
901,"20240508",롯데,한화,사직,11407.00000
902,"20240508",삼성,KIA,대구,15421.00000
903,"20240508",KT,NC,수원,4480.00000
904,"20240508",키움,두산,고척,6405.00000
905,"20240508",LG,SSG,잠실,15699.00000
906,"20240509",롯데,한화,사직,12774.00000
907,"20240509",삼성,KIA,대구,16769.00000
908,"20240509",KT,NC,수원,6369.00000
909,"20240509",키움,두산,고척,8658.00000
910,"20240509",LG,SSG,잠실,16823.00000
911,"20240510",두산,KT,잠실,13013.00000
912,"20240510",롯데,LG,사직,15731.00000
913,"20240510",KIA,SSG,광주,18895.00000
914,"20240510",NC,삼성,창원,12438.00000
915,"20240510",한화,키움,한밭,12000.00000
916,"20240511",롯데,LG,사직,22758.00000
917,"20240511",NC,삼성,창원,17891.00000
918,"20240511",한화,키움,한밭,12000.00000
919,"20240512",두산,KT,잠실,16308.00000
920,"20240512",두산,KT,잠실,9026.00000
921,"20240512",롯데,LG,사직,18914.00000
922,"20240512",KIA,SSG,광주,20500.00000
923,"20240512",KIA,SSG,광주,12743.00000
924,"20240512",NC,삼성,창원,16181.00000
925,"20240512",한화,키움,한밭,12000.00000
926,"20240514",KT,롯데,수원,10120.00000
927,"20240514",한화,NC,한밭,12000.00000
928,"20240514",KIA,두산,광주,18675.00000
929,"20240514",SSG,삼성,문학,16595.00000
930,"20240514",LG,키움,잠실,18479.00000
931,"20240515",한화,NC,한밭,12000.00000
932,"20240515",KIA,두산,광주,20500.00000
933,"20240516",KT,롯데,수원,8312.00000
934,"20240516",한화,NC,한밭,9522.00000
935,"20240516",KIA,두산,광주,15996.00000
936,"20240516",SSG,삼성,문학,13791.00000
937,"20240516",LG,키움,잠실,15054.00000
938,"20240517",삼성,한화,대구,24000.00000
939,"20240517",NC,KIA,창원,12280.00000
940,"20240517",KT,LG,수원,11374.00000
941,"20240517",두산,롯데,잠실,23750.00000
942,"20240517",키움,SSG,고척,9806.00000
943,"20240518",삼성,한화,대구,24000.00000
944,"20240518",NC,KIA,창원,17891.00000
945,"20240518",KT,LG,수원,18700.00000
946,"20240518",두산,롯데,잠실,23750.00000
947,"20240518",키움,SSG,고척,12133.00000
948,"20240519",삼성,한화,대구,24000.00000
949,"20240519",NC,KIA,창원,16253.00000
950,"20240519",KT,LG,수원,15912.00000
951,"20240519",두산,롯데,잠실,23750.00000
952,"20240519",키움,SSG,고척,10049.00000
953,"20240521",롯데,KIA,사직,14006.00000
954,"20240521",삼성,KT,대구,13360.00000
955,"20240521",한화,LG,한밭,9335.00000
956,"20240521",키움,NC,고척,3940.00000
957,"20240521",두산,SSG,잠실,13917.00000
958,"20240522",롯데,KIA,사직,14062.00000
959,"20240522",삼성,KT,대구,13232.00000
960,"20240522",한화,LG,한밭,9044.00000
961,"20240522",키움,NC,고척,4337.00000
962,"20240522",두산,SSG,잠실,12642.00000
963,"20240523",롯데,KIA,사직,15844.00000
964,"20240523",삼성,KT,대구,13291.00000
965,"20240523",한화,LG,한밭,10008.00000
966,"20240523",키움,NC,고척,3897.00000
967,"20240523",두산,SSG,잠실,12131.00000
968,"20240524",SSG,한화,문학,22451.00000
969,"20240524",LG,NC,잠실,18551.00000
970,"20240524",KIA,두산,광주,20500.00000
971,"20240524",롯데,삼성,사직,20577.00000
972,"20240524",KT,키움,수원,6867.00000
973,"20240525",SSG,한화,문학,23000.00000
974,"20240525",LG,NC,잠실,22261.00000
975,"20240525",KIA,두산,광주,20500.00000
976,"20240525",롯데,삼성,사직,22758.00000
977,"20240525",KT,키움,수원,12425.00000
978,"20240526",LG,NC,잠실,17692.00000
979,"20240526",KIA,두산,광주,20500.00000
980,"20240526",롯데,삼성,사직,22758.00000
981,"20240528",NC,KIA,창원,8024.00000
982,"20240528",두산,KT,잠실,8459.00000
983,"20240528",SSG,LG,문학,14116.00000
984,"20240528",한화,롯데,한밭,11168.00000
985,"20240528",삼성,키움,대구,10884.00000
986,"20240529",NC,KIA,창원,7994.00000
987,"20240529",두산,KT,잠실,8811.00000
988,"20240529",SSG,LG,문학,14413.00000
989,"20240529",한화,롯데,한밭,10807.00000
990,"20240529",삼성,키움,대구,15080.00000
991,"20240530",NC,KIA,창원,7349.00000
992,"20240530",두산,KT,잠실,7915.00000
993,"20240530",SSG,LG,문학,15902.00000
994,"20240530",한화,롯데,한밭,11405.00000
995,"20240530",삼성,키움,대구,12748.00000
996,"20240531",삼성,한화,대구,24000.00000
997,"20240531",KIA,KT,광주,20500.00000
998,"20240531",두산,LG,잠실,23750.00000
999,"20240531",롯데,NC,사직,17760.00000
1000,"20240531",키움,SSG,고척,5680.00000
1001,"20240601",삼성,한화,대구,24000.00000
1002,"20240601",KIA,KT,광주,20500.00000
1003,"20240601",두산,LG,잠실,23750.00000
1004,"20240601",롯데,NC,사직,22758.00000
1005,"20240601",키움,SSG,고척,10462.00000
1006,"20240602",삼성,한화,대구,24000.00000
1007,"20240602",KIA,KT,광주,20500.00000
1008,"20240602",두산,LG,잠실,23750.00000
1009,"20240602",롯데,NC,사직,21896.00000
1010,"20240602",키움,SSG,고척,8745.00000
1011,"20240604",KT,한화,수원,11426.00000
1012,"20240604",KIA,롯데,광주,16158.00000
1013,"20240604",NC,두산,창원,5448.00000
1014,"20240604",SSG,삼성,문학,10135.00000
1015,"20240604",LG,키움,잠실,14490.00000
1016,"20240605",KT,한화,수원,14626.00000
1017,"20240605",KIA,롯데,광주,19045.00000
1018,"20240605",NC,두산,창원,9892.00000
1019,"20240605",SSG,삼성,문학,14532.00000
1020,"20240605",LG,키움,잠실,16681.00000
1021,"20240606",KT,한화,수원,18700.00000
1022,"20240606",KIA,롯데,광주,20500.00000
1023,"20240606",NC,두산,창원,14517.00000
1024,"20240606",SSG,삼성,문학,23000.00000
1025,"20240606",LG,키움,잠실,23750.00000
1026,"20240607",두산,KIA,잠실,23750.00000
1027,"20240607",KT,LG,수원,13154.00000
1028,"20240607",한화,NC,한밭,12000.00000
1029,"20240607",롯데,SSG,사직,20678.00000
1030,"20240607",키움,삼성,고척,12636.00000
1031,"20240608",두산,KIA,잠실,23750.00000
1032,"20240608",KT,LG,수원,18700.00000
1033,"20240608",한화,NC,한밭,12000.00000
1034,"20240608",키움,삼성,고척,16000.00000
1035,"20240609",두산,KIA,잠실,23750.00000
1036,"20240609",KT,LG,수원,13642.00000
1037,"20240609",한화,NC,한밭,12000.00000
1038,"20240609",롯데,SSG,사직,13700.00000
1039,"20240609",롯데,SSG,사직,22758.00000
1040,"20240609",키움,삼성,고척,13509.00000
1041,"20240611",두산,한화,잠실,18475.00000
1042,"20240611",SSG,KIA,문학,16007.00000
1043,"20240611",NC,KT,창원,4279.00000
1044,"20240611",삼성,LG,대구,12436.00000
1045,"20240611",롯데,키움,사직,9948.00000
1046,"20240612",두산,한화,잠실,21630.00000
1047,"20240612",SSG,KIA,문학,16483.00000
1048,"20240612",NC,KT,창원,4123.00000
1049,"20240612",삼성,LG,대구,13511.00000
1050,"20240612",롯데,키움,사직,11390.00000
1051,"20240613",두산,한화,잠실,20253.00000
1052,"20240613",SSG,KIA,문학,18290.00000
1053,"20240613",NC,KT,창원,3764.00000
1054,"20240613",삼성,LG,대구,14485.00000
1055,"20240613",롯데,키움,사직,11941.00000
1056,"20240614",KT,KIA,수원,18420.00000
1057,"20240614",LG,롯데,잠실,23750.00000
1058,"20240614",키움,두산,고척,8680.00000
1059,"20240614",한화,SSG,한밭,12000.00000
1060,"20240614",NC,삼성,창원,12394.00000
1061,"20240615",KT,KIA,수원,18700.00000
1062,"20240615",LG,롯데,잠실,23750.00000
1063,"20240615",키움,두산,고척,13954.00000
1064,"20240615",한화,SSG,한밭,12000.00000
1065,"20240615",NC,삼성,창원,17891.00000
1066,"20240616",KT,KIA,수원,18700.00000
1067,"20240616",LG,롯데,잠실,23750.00000
1068,"20240616",키움,두산,고척,13184.00000
1069,"20240616",한화,SSG,한밭,12000.00000
1070,"20240616",NC,삼성,창원,12860.00000
1071,"20240618",KIA,LG,광주,18131.00000
1072,"20240618",KT,롯데,수원,8491.00000
1073,"20240618",두산,NC,잠실,9026.00000
1074,"20240618",삼성,SSG,대구,10426.00000
1075,"20240618",한화,키움,청주,9000.00000
1076,"20240619",KIA,LG,광주,15056.00000
1077,"20240619",KT,롯데,수원,9106.00000
1078,"20240619",두산,NC,잠실,11984.00000
1079,"20240619",삼성,SSG,대구,11488.00000
1080,"20240619",한화,키움,청주,9000.00000
1081,"20240620",KIA,LG,광주,14009.00000
1082,"20240620",KT,롯데,수원,10496.00000
1083,"20240620",두산,NC,잠실,10909.00000
1084,"20240620",삼성,SSG,대구,13024.00000
1085,"20240620",한화,키움,청주,9000.00000
1086,"20240621",KIA,한화,광주,20500.00000
1087,"20240621",LG,KT,잠실,15537.00000
1088,"20240621",키움,롯데,고척,11974.00000
1089,"20240621",SSG,NC,문학,13560.00000
1090,"20240621",삼성,두산,대구,24000.00000
1091,"20240622",키움,롯데,고척,16000.00000
1092,"20240622",SSG,NC,문학,19789.00000
1093,"20240623",KIA,한화,광주,19085.00000
1094,"20240623",KIA,한화,광주,18860.00000
1095,"20240623",LG,KT,잠실,11417.00000
1096,"20240623",LG,KT,잠실,15418.00000
1097,"20240623",키움,롯데,고척,16000.00000
1098,"20240623",SSG,NC,문학,17200.00000
1099,"20240623",삼성,두산,대구,20680.00000
1100,"20240623",삼성,두산,대구,24000.00000
1101,"20240625",롯데,KIA,사직,19110.00000
1102,"20240625",SSG,KT,문학,9629.00000
1103,"20240625",키움,NC,고척,5159.00000
1104,"20240625",한화,두산,한밭,11556.00000
1105,"20240625",LG,삼성,잠실,21989.00000
1106,"20240626",롯데,KIA,사직,19755.00000
1107,"20240626",SSG,KT,문학,10229.00000
1108,"20240626",키움,NC,고척,4698.00000
1109,"20240626",한화,두산,한밭,11564.00000
1110,"20240626",LG,삼성,잠실,23281.00000
1111,"20240627",롯데,KIA,사직,12867.00000
1112,"20240627",SSG,KT,문학,10684.00000
1113,"20240627",키움,NC,고척,4726.00000
1114,"20240627",한화,두산,한밭,11128.00000
1115,"20240627",LG,삼성,잠실,22114.00000
1116,"20240628",롯데,한화,사직,22758.00000
1117,"20240628",NC,LG,창원,13506.00000
1118,"20240628",두산,SSG,잠실,17367.00000
1119,"20240628",KT,삼성,수원,14678.00000
1120,"20240628",KIA,키움,광주,18601.00000
1121,"20240629",두산,SSG,잠실,20020.00000
1122,"20240630",NC,LG,창원,6991.00000
1123,"20240630",두산,SSG,잠실,13985.00000
1124,"20240630",KT,삼성,수원,8357.00000
1125,"20240630",KT,삼성,수원,12253.00000
1126,"20240702",삼성,KIA,대구,13230.00000
1127,"20240702",한화,KT,한밭,6794.00000
1128,"20240702",키움,LG,고척,10185.00000
1129,"20240703",삼성,KIA,대구,17472.00000
1130,"20240703",한화,KT,한밭,9009.00000
1131,"20240703",키움,LG,고척,11135.00000
1132,"20240703",두산,롯데,잠실,19727.00000
1133,"20240703",NC,SSG,창원,6384.00000
1134,"20240704",삼성,KIA,대구,17093.00000
1135,"20240704",한화,KT,한밭,8330.00000
1136,"20240704",키움,LG,고척,12819.00000
1137,"20240704",두산,롯데,잠실,19372.00000
1138,"20240704",NC,SSG,창원,6587.00000
1139,"20240709",키움,한화,고척,14981.00000
1140,"20240709",LG,KIA,잠실,22038.00000
1141,"20240709",SSG,롯데,문학,10051.00000
1142,"20240710",키움,한화,고척,15096.00000
1143,"20240710",LG,KIA,잠실,23750.00000
1144,"20240710",SSG,롯데,문학,14381.00000
1145,"20240710",삼성,NC,대구,12507.00000
1146,"20240710",KT,두산,수원,8079.00000
1147,"20240711",키움,한화,고척,15205.00000
1148,"20240711",LG,KIA,잠실,23750.00000
1149,"20240711",SSG,롯데,문학,15842.00000
1150,"20240711",삼성,NC,대구,15075.00000
1151,"20240711",KT,두산,수원,10182.00000
1152,"20240712",롯데,KT,사직,21545.00000
1153,"20240712",한화,LG,한밭,12000.00000
1154,"20240712",KIA,SSG,광주,17755.00000
1155,"20240712",두산,삼성,잠실,22279.00000
1156,"20240712",NC,키움,창원,8579.00000
1157,"20240713",롯데,KT,사직,22758.00000
1158,"20240713",한화,LG,한밭,12000.00000
1159,"20240713",KIA,SSG,광주,20500.00000
1160,"20240713",두산,삼성,잠실,23750.00000
1161,"20240713",NC,키움,창원,11282.00000
1162,"20240714",한화,LG,한밭,12000.00000
1163,"20240714",KIA,SSG,광주,15444.00000
1164,"20240714",두산,삼성,잠실,23750.00000
1165,"20240716",키움,KT,고척,5851.00000
1166,"20240716",롯데,두산,울산,7833.00000
1167,"20240717",NC,한화,창원,6870.00000
1168,"20240717",키움,KT,고척,5085.00000
1169,"20240717",롯데,두산,울산,9354.00000
1170,"20240717",LG,SSG,잠실,11773.00000
1171,"20240717",KIA,삼성,광주,13904.00000
1172,"20240718",NC,한화,창원,7550.00000
1173,"20240718",키움,KT,고척,5040.00000
1174,"20240718",롯데,두산,울산,9102.00000
1175,"20240718",KIA,삼성,광주,11429.00000
1176,"20240719",한화,KIA,한밭,12000.00000
1177,"20240719",삼성,롯데,대구,24000.00000
1178,"20240719",KT,NC,수원,7650.00000
1179,"20240719",LG,두산,잠실,23750.00000
1180,"20240719",SSG,키움,문학,12715.00000
1181,"20240720",한화,KIA,한밭,12000.00000
1182,"20240720",삼성,롯데,대구,24000.00000
1183,"20240721",한화,KIA,한밭,12000.00000
1184,"20240721",삼성,롯데,대구,24000.00000
1185,"20240721",KT,NC,수원,9188.00000
1186,"20240721",LG,두산,잠실,23211.00000
1187,"20240721",SSG,키움,문학,15369.00000
1188,"20240723",롯데,LG,사직,18416.00000
1189,"20240723",KIA,NC,광주,13756.00000
1190,"20240723",한화,삼성,한밭,11501.00000
1191,"20240723",두산,키움,잠실,7292.00000
1192,"20240724",KIA,NC,광주,13308.00000
1193,"20240724",KT,SSG,수원,6449.00000
1194,"20240724",한화,삼성,한밭,11882.00000
1195,"20240724",두산,키움,잠실,8887.00000
1196,"20240725",롯데,LG,사직,20322.00000
1197,"20240725",KIA,NC,광주,14130.00000
1198,"20240725",KT,SSG,수원,7067.00000
1199,"20240725",두산,키움,잠실,19145.00000
1200,"20240726",키움,KIA,고척,16000.00000
1201,"20240726",삼성,KT,대구,21891.00000
1202,"20240726",NC,롯데,창원,17891.00000
1203,"20240726",SSG,두산,문학,15006.00000
1204,"20240727",키움,KIA,고척,16000.00000
1205,"20240727",삼성,KT,대구,24000.00000
1206,"20240727",NC,롯데,창원,17891.00000
1207,"20240727",SSG,두산,문학,19448.00000
1208,"20240728",LG,한화,잠실,23750.00000
1209,"20240728",키움,KIA,고척,16000.00000
1210,"20240728",삼성,KT,대구,23104.00000
1211,"20240728",NC,롯데,창원,17891.00000
1212,"20240728",SSG,두산,문학,17619.00000
1213,"20240730",KT,한화,수원,14210.00000
1214,"20240730",SSG,롯데,문학,17550.00000
1215,"20240730",키움,NC,고척,6925.00000
1216,"20240730",KIA,두산,광주,20500.00000
1217,"20240730",LG,삼성,잠실,22946.00000
1218,"20240731",KT,한화,수원,14988.00000
1219,"20240731",SSG,롯데,문학,17563.00000
1220,"20240731",키움,NC,고척,6918.00000
1221,"20240731",KIA,두산,광주,18693.00000
1222,"20240731",LG,삼성,잠실,23409.00000
1223,"20240801",KT,한화,수원,15197.00000
1224,"20240801",SSG,롯데,문학,18828.00000
1225,"20240801",키움,NC,고척,7306.00000
1226,"20240801",KIA,두산,광주,20500.00000
1227,"20240801",LG,삼성,잠실,23315.00000
1228,"20240802",한화,KIA,한밭,12000.00000
1229,"20240802",NC,KT,창원,9845.00000
1230,"20240802",삼성,SSG,대구,22336.00000
1231,"20240802",두산,키움,잠실,13209.00000
1232,"20240803",한화,KIA,한밭,12000.00000
1233,"20240803",롯데,LG,울산,9914.00000
1234,"20240803",삼성,SSG,대구,24000.00000
1235,"20240803",두산,키움,잠실,15527.00000
1236,"20240804",NC,KT,창원,9568.00000
1237,"20240804",삼성,SSG,대구,20416.00000
1238,"20240806",삼성,한화,대구,16288.00000
1239,"20240806",KIA,KT,광주,14457.00000
1240,"20240806",두산,LG,잠실,17065.00000
1241,"20240806",롯데,NC,사직,17068.00000
1242,"20240806",키움,SSG,고척,8356.00000
1243,"20240807",삼성,한화,대구,17114.00000
1244,"20240807",KIA,KT,광주,11625.00000
1245,"20240807",두산,LG,잠실,15883.00000
1246,"20240807",롯데,NC,사직,18425.00000
1247,"20240807",키움,SSG,고척,7792.00000
1248,"20240808",삼성,한화,대구,18367.00000
1249,"20240808",KIA,KT,광주,11011.00000
1250,"20240808",두산,LG,잠실,16321.00000
1251,"20240808",키움,SSG,고척,8000.00000
1252,"20240809",KT,롯데,수원,11534.00000
1253,"20240809",LG,NC,잠실,14131.00000
1254,"20240809",SSG,두산,문학,12451.00000
1255,"20240809",KIA,삼성,광주,18448.00000
1256,"20240809",한화,키움,한밭,11302.00000
1257,"20240810",KT,롯데,수원,18700.00000
1258,"20240810",LG,NC,잠실,19151.00000
1259,"20240810",SSG,두산,문학,19796.00000
1260,"20240810",한화,키움,한밭,12000.00000
1261,"20240811",KT,롯데,수원,13805.00000
1262,"20240811",LG,NC,잠실,18902.00000
1263,"20240811",SSG,두산,문학,16151.00000
1264,"20240811",KIA,삼성,광주,20500.00000
1265,"20240811",한화,키움,한밭,12000.00000
1266,"20240813",키움,KIA,고척,16000.00000
1267,"20240813",삼성,KT,대구,15109.00000
1268,"20240813",한화,LG,한밭,11748.00000
1269,"20240813",NC,SSG,창원,5121.00000
1270,"20240814",키움,KIA,고척,16000.00000
1271,"20240814",삼성,KT,대구,20435.00000
1272,"20240814",한화,LG,한밭,11884.00000
1273,"20240814",두산,롯데,잠실,21337.00000
1274,"20240815",키움,KIA,고척,16000.00000
1275,"20240815",삼성,KT,대구,24000.00000
1276,"20240815",한화,LG,한밭,12000.00000
1277,"20240815",두산,롯데,잠실,23750.00000
1278,"20240815",NC,SSG,창원,10389.00000
1279,"20240816",SSG,한화,문학,21057.00000
1280,"20240816",LG,KIA,잠실,23750.00000
1281,"20240816",KT,두산,수원,11443.00000
1282,"20240816",NC,삼성,창원,10580.00000
1283,"20240816",롯데,키움,사직,21181.00000
1284,"20240817",SSG,한화,문학,23000.00000
1285,"20240817",LG,KIA,잠실,23750.00000
1286,"20240817",KT,두산,수원,16427.00000
1287,"20240817",NC,삼성,창원,17891.00000
1288,"20240817",롯데,키움,사직,22758.00000
1289,"20240818",SSG,한화,문학,22545.00000
1290,"20240818",LG,KIA,잠실,23750.00000
1291,"20240818",KT,두산,수원,12164.00000
1292,"20240818",NC,삼성,창원,12328.00000
1293,"20240818",롯데,키움,사직,20740.00000
1294,"20240820",한화,NC,청주,8429.00000
1295,"20240820",삼성,두산,포항,10064.00000
1296,"20240820",LG,SSG,잠실,12736.00000
1297,"20240820",KT,키움,수원,5858.00000
1298,"20240821",KIA,롯데,광주,12625.00000
1299,"20240821",한화,NC,청주,8102.00000
1300,"20240821",삼성,두산,포항,10268.00000
1301,"20240821",LG,SSG,잠실,12008.00000
1302,"20240821",KT,키움,수원,6288.00000
1303,"20240822",KIA,롯데,광주,12693.00000
1304,"20240822",LG,SSG,잠실,11917.00000
1305,"20240822",KT,키움,수원,6181.00000
1306,"20240823",두산,한화,잠실,23750.00000
1307,"20240823",NC,KIA,창원,13524.00000
1308,"20240823",SSG,KT,문학,10972.00000
1309,"20240823",키움,LG,고척,13852.00000
1310,"20240823",삼성,롯데,대구,24000.00000
1311,"20240824",두산,한화,잠실,23750.00000
1312,"20240824",NC,KIA,창원,16489.00000
1313,"20240824",SSG,KT,문학,17053.00000
1314,"20240824",키움,LG,고척,16000.00000
1315,"20240824",삼성,롯데,대구,24000.00000
1316,"20240825",두산,한화,잠실,23750.00000
1317,"20240825",NC,KIA,창원,11712.00000
1318,"20240825",SSG,KT,문학,16595.00000
1319,"20240825",키움,LG,고척,16000.00000
1320,"20240825",삼성,롯데,대구,24000.00000
1321,"20240827",롯데,한화,사직,18113.00000
1322,"20240827",LG,KT,잠실,12678.00000
1323,"20240827",NC,두산,창원,4814.00000
1324,"20240827",KIA,SSG,광주,13038.00000
1325,"20240827",키움,삼성,고척,14421.00000
1326,"20240828",롯데,한화,사직,22758.00000
1327,"20240828",LG,KT,잠실,13848.00000
1328,"20240828",NC,두산,창원,5869.00000
1329,"20240828",KIA,SSG,광주,13155.00000
1330,"20240828",키움,삼성,고척,13929.00000
1331,"20240829",롯데,한화,사직,19434.00000
1332,"20240829",LG,KT,잠실,13832.00000
1333,"20240829",NC,두산,창원,5985.00000
1334,"20240829",KIA,SSG,광주,12931.00000
1335,"20240829",키움,삼성,고척,14903.00000
1336,"20240830",KT,LG,수원,12128.00000
1337,"20240830",키움,롯데,고척,15073.00000
1338,"20240831",삼성,KIA,대구,24000.00000
1339,"20240831",한화,KT,한밭,12000.00000
1340,"20240831",두산,롯데,잠실,23750.00000
1341,"20240831",SSG,NC,문학,17039.00000
1342,"20240901",삼성,KIA,대구,24000.00000
1343,"20240901",두산,롯데,잠실,23750.00000
1344,"20240901",SSG,NC,문학,13039.00000
1345,"20240903",KIA,LG,광주,13089.00000
1346,"20240903",삼성,롯데,대구,24000.00000
1347,"20240903",한화,두산,한밭,12000.00000
1348,"20240903",NC,키움,창원,3394.00000
1349,"20240904",KIA,한화,광주,15328.00000
1350,"20240904",롯데,KT,사직,14041.00000
1351,"20240904",삼성,두산,대구,24000.00000
1352,"20240904",LG,SSG,잠실,13229.00000
1353,"20240904",NC,키움,창원,4956.00000
1354,"20240905",KIA,한화,광주,16083.00000
1355,"20240905",롯데,KT,사직,15864.00000
1356,"20240905",LG,SSG,잠실,12115.00000
1357,"20240905",NC,키움,창원,5214.00000
1358,"20240906",LG,한화,잠실,23750.00000
1359,"20240906",NC,KT,창원,5868.00000
1360,"20240906",롯데,삼성,사직,22464.00000
1361,"20240906",KIA,키움,광주,17103.00000
1362,"20240907",LG,한화,잠실,23750.00000
1363,"20240907",삼성,NC,대구,24000.00000
1364,"20240907",KT,두산,수원,18700.00000
1365,"20240907",롯데,SSG,사직,22758.00000
1366,"20240907",KIA,키움,광주,20500.00000
1367,"20240908",LG,한화,잠실,23750.00000
1368,"20240908",삼성,NC,대구,24000.00000
1369,"20240908",롯데,SSG,사직,18116.00000
1370,"20240908",KIA,키움,광주,20500.00000
1371,"20240910",SSG,한화,문학,19109.00000
1372,"20240910",LG,롯데,잠실,23750.00000
1373,"20240910",KT,NC,수원,6721.00000
1374,"20240910",키움,두산,고척,13822.00000
1375,"20240911",SSG,롯데,문학,16051.00000
1376,"20240911",KT,NC,수원,5815.00000
1377,"20240911",한화,삼성,한밭,11670.00000
1378,"20240911",LG,키움,잠실,13393.00000
1379,"20240912",KIA,롯데,광주,20500.00000
1380,"20240912",KT,NC,수원,5962.00000
1381,"20240912",한화,삼성,한밭,11719.00000
1382,"20240913",롯데,한화,사직,19675.00000
1383,"20240914",롯데,한화,사직,21514.00000
1384,"20240914",두산,KT,잠실,23750.00000
1385,"20240914",NC,LG,창원,15383.00000
1386,"20240914",SSG,삼성,문학,23000.00000
1387,"20240914",KIA,키움,광주,20500.00000
1388,"20240915",롯데,한화,사직,22758.00000
1389,"20240915",NC,LG,창원,10826.00000
1390,"20240915",SSG,삼성,문학,23000.00000
1391,"20240915",KIA,키움,광주,20500.00000
1392,"20240916",KT,KIA,수원,18700.00000
1393,"20240916",두산,키움,잠실,18894.00000
1394,"20240917",NC,한화,창원,9403.00000
1395,"20240917",SSG,KIA,문학,23000.00000
1396,"20240917",키움,KT,고척,11032.00000
1397,"20240917",롯데,LG,사직,18742.00000
1398,"20240917",두산,삼성,잠실,23750.00000
1399,"20240918",NC,한화,창원,9268.00000
1400,"20240918",롯데,LG,사직,21147.00000
1401,"20240918",KT,삼성,수원,18700.00000
1402,"20240919",NC,한화,창원,6010.00000
1403,"20240919",두산,KIA,잠실,23750.00000
1404,"20240919",롯데,LG,사직,16895.00000
1405,"20240919",KT,삼성,수원,12617.00000
1406,"20240919",SSG,키움,문학,14848.00000
1407,"20240921",LG,두산,잠실,23236.00000
1408,"20240921",LG,두산,잠실,23750.00000
1409,"20240921",KT,SSG,수원,15805.00000
1410,"20240922",한화,롯데,한밭,12000.00000
1411,"20240922",LG,두산,잠실,23750.00000
1412,"20240922",KT,SSG,수원,15049.00000
1413,"20240922",삼성,키움,대구,24000.00000
1414,"20240923",한화,롯데,한밭,10407.00000
1415,"20240923",두산,SSG,잠실,22489.00000
1416,"20240923",KIA,삼성,광주,20500.00000
1417,"20240924",키움,한화,고척,16000.00000
1418,"20240924",SSG,LG,문학,19911.00000
1419,"20240924",KT,롯데,수원,13304.00000
1420,"20240924",두산,NC,잠실,22064.00000
1421,"20240924",KIA,삼성,광주,20500.00000
1422,"20240925",LG,한화,잠실,23750.00000
1423,"20240925",KIA,롯데,광주,20500.00000
1424,"20240925",NC,SSG,창원,6157.00000
1425,"20240925",삼성,키움,대구,24000.00000
1426,"20240926",롯데,두산,사직,18727.00000
1427,"20240926",NC,SSG,창원,6377.00000
1428,"20240926",LG,키움,잠실,21593.00000
1429,"20240927",한화,KIA,한밭,12000.00000
1430,"20240927",롯데,NC,사직,22758.00000
1431,"20240927",KT,키움,수원,12824.00000
1432,"20240928",롯데,KIA,사직,22758.00000
1433,"20240928",삼성,LG,대구,24000.00000
1434,"20240928",NC,두산,창원,17891.00000
1435,"20240928",한화,SSG,한밭,12000.00000
1436,"20240928",KT,키움,수원,18700.00000
1437,"20240929",한화,NC,한밭,12000.00000
1438,"20240930",KIA,NC,광주,20500.00000
1439,"20240930",SSG,키움,문학,23000.00000
1440,"20241001",NC,롯데,창원,17891.00000
1441,"20250322",KT,한화,수원,18700.00000
1442,"20250322",LG,롯데,잠실,23750.00000
1443,"20250322",KIA,NC,광주,20500.00000
1444,"20250322",SSG,두산,문학,23000.00000
1445,"20250322",삼성,키움,대구,24000.00000
1446,"20250323",KT,한화,수원,18700.00000
1447,"20250323",LG,롯데,잠실,23750.00000
1448,"20250323",KIA,NC,광주,20500.00000
1449,"20250323",SSG,두산,문학,23000.00000
1450,"20250323",삼성,키움,대구,24000.00000
1451,"20250325",LG,한화,잠실,23750.00000
1452,"20250325",SSG,롯데,문학,13860.00000
1453,"20250325",삼성,NC,대구,21024.00000
1454,"20250325",KT,두산,수원,8141.00000
1455,"20250325",KIA,키움,광주,15053.00000
1456,"20250326",LG,한화,잠실,23750.00000
1457,"20250326",SSG,롯데,문학,14855.00000
1458,"20250326",삼성,NC,대구,24000.00000
1459,"20250326",KT,두산,수원,9607.00000
1460,"20250326",KIA,키움,광주,17780.00000
1461,"20250327",LG,한화,잠실,23750.00000
1462,"20250327",SSG,롯데,문학,14155.00000
1463,"20250327",삼성,NC,대구,20781.00000
1464,"20250327",KT,두산,수원,9024.00000
1465,"20250327",KIA,키움,광주,12288.00000
1466,"20250328",한화,KIA,대전,17000.00000
1467,"20250328",롯데,KT,사직,22665.00000
1468,"20250328",NC,LG,창원,15510.00000
1469,"20250328",키움,SSG,고척,11002.00000
1470,"20250328",두산,삼성,잠실,23750.00000
1471,"20250329",한화,KIA,대전,17000.00000
1472,"20250329",롯데,KT,사직,22665.00000
1473,"20250329",NC,LG,창원,17943.00000
1474,"20250329",키움,SSG,고척,13785.00000
1475,"20250329",두산,삼성,잠실,23750.00000
1476,"20250330",한화,KIA,대전,17000.00000
1477,"20250330",롯데,KT,사직,22665.00000
1478,"20250330",키움,SSG,고척,13081.00000
1479,"20250330",두산,삼성,잠실,23750.00000
1480,"20250402",KT,LG,수원,7829.00000
1481,"20250402",한화,롯데,대전,16252.00000
1482,"20250402",KIA,삼성,광주,12172.00000
1483,"20250402",두산,키움,잠실,8336.00000
1484,"20250403",KT,LG,수원,8627.00000
1485,"20250403",한화,롯데,대전,16559.00000
1486,"20250403",KIA,삼성,광주,12826.00000
1487,"20250403",두산,키움,잠실,9131.00000
1488,"20250404",삼성,한화,대구,24000.00000
1489,"20250404",LG,KIA,잠실,23750.00000
1490,"20250404",SSG,KT,문학,13323.00000
1491,"20250404",키움,NC,고척,5161.00000
1492,"20250404",롯데,두산,사직,17293.00000
1493,"20250405",삼성,한화,대구,24000.00000
1494,"20250405",키움,NC,고척,8895.00000
1495,"20250405",롯데,두산,사직,21807.00000
1496,"20250406",삼성,한화,대구,24000.00000
1497,"20250406",LG,KIA,잠실,23750.00000
1498,"20250406",SSG,KT,문학,18679.00000
1499,"20250406",키움,NC,고척,7041.00000
1500,"20250406",롯데,두산,사직,22665.00000
1501,"20250408",두산,한화,잠실,20986.00000
1502,"20250408",롯데,KIA,사직,14038.00000
1503,"20250408",키움,LG,고척,10452.00000
1504,"20250408",KT,NC,수원,5233.00000
1505,"20250408",삼성,SSG,대구,19327.00000
1506,"20250409",두산,한화,잠실,19300.00000
1507,"20250409",롯데,KIA,사직,13551.00000
1508,"20250409",키움,LG,고척,9967.00000
1509,"20250409",KT,NC,수원,3667.00000
1510,"20250409",삼성,SSG,대구,20632.00000
1511,"20250410",두산,한화,잠실,21561.00000
1512,"20250410",롯데,KIA,사직,13726.00000
1513,"20250410",키움,LG,고척,10627.00000
1514,"20250410",KT,NC,수원,5086.00000
1515,"20250410",삼성,SSG,대구,21291.00000
1516,"20250411",NC,롯데,사직,13728.00000
1517,"20250411",LG,두산,잠실,23750.00000
1518,"20250411",KIA,SSG,광주,20500.00000
1519,"20250411",KT,삼성,수원,17416.00000
1520,"20250411",한화,키움,대전,17000.00000
1521,"20250412",NC,롯데,사직,15222.00000
1522,"20250412",LG,두산,잠실,22938.00000
1523,"20250412",한화,키움,대전,15457.00000
1524,"20250413",NC,롯데,사직,21003.00000
1525,"20250413",LG,두산,잠실,23750.00000
1526,"20250413",KIA,SSG,광주,20500.00000
1527,"20250413",KT,삼성,수원,18700.00000
1528,"20250413",한화,키움,대전,17000.00000
1529,"20250415",SSG,한화,문학,15618.00000
1530,"20250415",KIA,KT,광주,10979.00000
1531,"20250415",LG,삼성,잠실,23750.00000
1532,"20250415",롯데,키움,사직,9714.00000
1533,"20250416",SSG,한화,문학,16785.00000
1534,"20250416",KIA,KT,광주,12423.00000
1535,"20250416",LG,삼성,잠실,23750.00000
1536,"20250416",롯데,키움,사직,11679.00000
1537,"20250417",SSG,한화,문학,18098.00000
1538,"20250417",KIA,KT,광주,12104.00000
1539,"20250417",LG,삼성,잠실,23750.00000
1540,"20250417",롯데,키움,사직,11812.00000
1541,"20250418",두산,KIA,잠실,23750.00000
1542,"20250418",키움,KT,고척,4666.00000
1543,"20250418",SSG,LG,문학,18091.00000
1544,"20250418",삼성,롯데,대구,24000.00000
1545,"20250418",한화,NC,대전,17000.00000
1546,"20250419",두산,KIA,잠실,23750.00000
1547,"20250419",키움,KT,고척,8281.00000
1548,"20250419",SSG,LG,문학,18727.00000
1549,"20250419",삼성,롯데,대구,24000.00000
1550,"20250419",한화,NC,대전,17000.00000
1551,"20250420",두산,KIA,잠실,23750.00000
1552,"20250420",키움,KT,고척,6859.00000
1553,"20250420",SSG,LG,문학,23000.00000
1554,"20250420",삼성,롯데,대구,24000.00000
1555,"20250420",한화,NC,대전,17000.00000
1556,"20250422",LG,NC,잠실,12941.00000
1557,"20250422",키움,두산,고척,6809.00000
1558,"20250422",KT,SSG,수원,5497.00000
1559,"20250423",롯데,한화,사직,19376.00000
1560,"20250423",삼성,KIA,대구,22257.00000
1561,"20250423",LG,NC,잠실,17828.00000
1562,"20250423",키움,두산,고척,6801.00000
1563,"20250423",KT,SSG,수원,7581.00000
1564,"20250424",롯데,한화,사직,22669.00000
1565,"20250424",삼성,KIA,대구,24000.00000
1566,"20250424",LG,NC,잠실,19325.00000
1567,"20250424",키움,두산,고척,7690.00000
1568,"20250424",KT,SSG,수원,7815.00000
1569,"20250425",한화,KT,대전,17000.00000
1570,"20250425",KIA,LG,광주,20500.00000
1571,"20250425",두산,롯데,잠실,23750.00000
1572,"20250425",삼성,NC,대구,24000.00000
1573,"20250425",SSG,키움,문학,12140.00000
1574,"20250426",한화,KT,대전,17000.00000
1575,"20250426",KIA,LG,광주,20500.00000
1576,"20250426",두산,롯데,잠실,23750.00000
1577,"20250426",삼성,NC,대구,24000.00000
1578,"20250426",SSG,키움,문학,18641.00000
1579,"20250427",한화,KT,대전,17000.00000
1580,"20250427",KIA,LG,광주,20500.00000
1581,"20250427",두산,롯데,잠실,23750.00000
1582,"20250427",삼성,NC,대구,24000.00000
1583,"20250427",SSG,키움,문학,16422.00000
1584,"20250429",두산,KT,잠실,14138.00000
1585,"20250429",한화,LG,대전,17000.00000
1586,"20250429",키움,롯데,고척,13203.00000
1587,"20250429",KIA,NC,광주,10575.00000
1588,"20250429",SSG,삼성,문학,15481.00000
1589,"20250430",두산,KT,잠실,17158.00000
1590,"20250430",한화,LG,대전,17000.00000
1591,"20250430",키움,롯데,고척,14367.00000
1592,"20250430",KIA,NC,광주,15139.00000
1593,"20250430",SSG,삼성,문학,18998.00000
1594,"20250501",두산,KT,잠실,19883.00000
1595,"20250501",키움,롯데,고척,16000.00000
1596,"20250501",SSG,삼성,문학,22993.00000
1597,"20250502",KIA,한화,광주,20500.00000
1598,"20250502",롯데,NC,사직,22669.00000
1599,"20250502",삼성,두산,대구,24000.00000
1600,"20250502",LG,SSG,잠실,23750.00000
1601,"20250502",KT,키움,수원,12275.00000
1602,"20250503",롯데,NC,사직,22669.00000
1603,"20250503",삼성,두산,대구,24000.00000
1604,"20250503",LG,SSG,잠실,23750.00000
1605,"20250503",KT,키움,수원,15210.00000
1606,"20250504",KIA,한화,광주,20500.00000
1607,"20250504",롯데,NC,사직,22669.00000
1608,"20250504",삼성,두산,대구,24000.00000
1609,"20250504",LG,SSG,잠실,23750.00000
1610,"20250504",KT,키움,수원,15160.00000
1611,"20250505",키움,KIA,고척,16000.00000
1612,"20250505",두산,LG,잠실,23750.00000
1613,"20250505",KT,NC,수원,12015.00000
1614,"20250505",롯데,SSG,사직,22669.00000
1615,"20250505",한화,삼성,대전,17000.00000
1616,"20250506",키움,KIA,고척,16000.00000
1617,"20250506",두산,LG,잠실,23750.00000
1618,"20250506",KT,NC,수원,9743.00000
1619,"20250506",롯데,SSG,사직,22669.00000
1620,"20250506",한화,삼성,대전,17000.00000
1621,"20250507",키움,KIA,고척,16000.00000
1622,"20250507",두산,LG,잠실,23750.00000
1623,"20250507",KT,NC,수원,3598.00000
1624,"20250507",롯데,SSG,사직,22669.00000
1625,"20250507",한화,삼성,대전,17000.00000
1626,"20250509",키움,한화,고척,16000.00000
1627,"20250510",키움,한화,고척,16000.00000
1628,"20250510",SSG,KIA,문학,23000.00000
1629,"20250510",삼성,LG,대구,24000.00000
1630,"20250510",삼성,LG,대구,24000.00000
1631,"20250510",KT,롯데,수원,18700.00000
1632,"20250510",두산,NC,잠실,20206.00000
1633,"20250511",키움,한화,고척,16000.00000
1634,"20250511",SSG,KIA,문학,23000.00000
1635,"20250511",SSG,KIA,문학,23000.00000
1636,"20250511",삼성,LG,대구,24000.00000
1637,"20250511",KT,롯데,수원,18700.00000
1638,"20250511",KT,롯데,수원,14470.00000
1639,"20250511",두산,NC,잠실,19366.00000
1640,"20250511",두산,NC,잠실,9172.00000
1641,"20250513",삼성,KT,포항,10758.00000
1642,"20250513",KIA,롯데,광주,16824.00000
1643,"20250513",SSG,NC,문학,12746.00000
1644,"20250513",한화,두산,대전,17000.00000
1645,"20250513",LG,키움,잠실,18080.00000
1646,"20250514",삼성,KT,포항,12120.00000
1647,"20250514",KIA,롯데,광주,18641.00000
1648,"20250514",SSG,NC,문학,11409.00000
1649,"20250514",한화,두산,대전,17000.00000
1650,"20250514",LG,키움,잠실,18286.00000
1651,"20250515",삼성,KT,포항,12120.00000
1652,"20250515",KIA,롯데,광주,17452.00000
1653,"20250515",SSG,NC,문학,10081.00000
1654,"20250515",한화,두산,대전,17000.00000
1655,"20250515",LG,키움,잠실,18119.00000
1656,"20250517",LG,KT,잠실,22963.00000
1657,"20250517",LG,KT,잠실,17811.00000
1658,"20250517",KIA,두산,광주,16854.00000
1659,"20250517",KIA,두산,광주,20500.00000
1660,"20250517",한화,SSG,대전,17000.00000
1661,"20250517",한화,SSG,대전,17000.00000
1662,"20250517",롯데,삼성,사직,22669.00000
1663,"20250517",롯데,삼성,사직,22669.00000
1664,"20250517",NC,키움,울산,2297.00000
1665,"20250517",NC,키움,울산,5513.00000
1666,"20250518",LG,KT,잠실,23029.00000
1667,"20250518",KIA,두산,광주,20500.00000
1668,"20250518",한화,SSG,대전,17000.00000
1669,"20250518",롯데,삼성,사직,22669.00000
1670,"20250518",NC,키움,울산,6456.00000
1671,"20250520",NC,한화,울산,4497.00000
1672,"20250520",KT,KIA,수원,16064.00000
1673,"20250520",롯데,LG,사직,22669.00000
1674,"20250520",두산,SSG,잠실,17782.00000
1675,"20250520",키움,삼성,고척,13106.00000
1676,"20250521",NC,한화,울산,4183.00000
1677,"20250521",KT,KIA,수원,16302.00000
1678,"20250521",롯데,LG,사직,22669.00000
1679,"20250521",두산,SSG,잠실,14052.00000
1680,"20250521",키움,삼성,고척,13193.00000
1681,"20250522",NC,한화,울산,5005.00000
1682,"20250522",KT,KIA,수원,16705.00000
1683,"20250522",롯데,LG,사직,22669.00000
1684,"20250522",두산,SSG,잠실,14592.00000
1685,"20250522",키움,삼성,고척,12926.00000
1686,"20250523",삼성,KIA,대구,24000.00000
1687,"20250523",키움,KT,고척,4239.00000
1688,"20250523",SSG,LG,문학,20150.00000
1689,"20250523",한화,롯데,대전,17000.00000
1690,"20250523",두산,NC,잠실,17944.00000
1691,"20250524",삼성,KIA,대구,24000.00000
1692,"20250524",키움,KT,고척,7315.00000
1693,"20250524",SSG,LG,문학,23000.00000
1694,"20250524",한화,롯데,대전,17000.00000
1695,"20250524",두산,NC,잠실,22279.00000
1696,"20250525",삼성,KIA,대구,24000.00000
1697,"20250525",키움,KT,고척,6809.00000
1698,"20250525",SSG,LG,문학,23000.00000
1699,"20250525",한화,롯데,대전,17000.00000
1700,"20250525",두산,NC,잠실,20534.00000
1701,"20250527",LG,한화,잠실,23750.00000
1702,"20250527",삼성,롯데,대구,24000.00000
1703,"20250527",SSG,NC,문학,12124.00000
1704,"20250527",KT,두산,수원,8355.00000
1705,"20250527",KIA,키움,광주,15351.00000
1706,"20250528",LG,한화,잠실,23750.00000
1707,"20250528",SSG,NC,문학,12747.00000
1708,"20250528",KT,두산,수원,8822.00000
1709,"20250528",KIA,키움,광주,16517.00000
1710,"20250529",LG,한화,잠실,23750.00000
1711,"20250529",삼성,롯데,대구,24000.00000
1712,"20250529",SSG,NC,문학,13466.00000
1713,"20250529",KT,두산,수원,9238.00000
1714,"20250529",KIA,키움,광주,18127.00000
1715,"20250530",NC,한화,창원,12395.00000
1716,"20250530",KT,KIA,수원,18700.00000
1717,"20250530",키움,두산,고척,9182.00000
1718,"20250530",롯데,SSG,사직,22669.00000
1719,"20250530",LG,삼성,잠실,23750.00000
1720,"20250531",NC,한화,창원,16741.00000
1721,"20250531",KT,KIA,수원,18700.00000
1722,"20250531",키움,두산,고척,13456.00000
1723,"20250531",롯데,SSG,사직,22669.00000
1724,"20250531",LG,삼성,잠실,23750.00000
1725,"20250601",NC,한화,창원,14906.00000
1726,"20250601",KT,KIA,수원,18700.00000
1727,"20250601",키움,두산,고척,12350.00000
1728,"20250601",롯데,SSG,사직,22669.00000
1729,"20250601",LG,삼성,잠실,23750.00000
1730,"20250603",두산,KIA,잠실,23750.00000
1731,"20250603",한화,KT,대전,17000.00000
1732,"20250603",NC,LG,창원,13937.00000
1733,"20250603",SSG,삼성,문학,23000.00000
1734,"20250603",롯데,키움,사직,22669.00000
1735,"20250604",두산,KIA,잠실,23750.00000
1736,"20250604",한화,KT,대전,17000.00000
1737,"20250604",NC,LG,창원,5235.00000
1738,"20250604",SSG,삼성,문학,15706.00000
1739,"20250604",롯데,키움,사직,22669.00000
1740,"20250605",두산,KIA,잠실,23750.00000
1741,"20250605",한화,KT,대전,17000.00000
1742,"20250605",NC,LG,창원,8957.00000
1743,"20250605",SSG,삼성,문학,19273.00000
1744,"20250605",롯데,키움,사직,22669.00000
1745,"20250606",KIA,한화,광주,20500.00000
1746,"20250606",키움,LG,고척,16000.00000
1747,"20250606",두산,롯데,잠실,23750.00000
1748,"20250606",삼성,NC,대구,24000.00000
1749,"20250606",KT,SSG,수원,18700.00000
1750,"20250607",KIA,한화,광주,20500.00000
1751,"20250607",키움,LG,고척,16000.00000
1752,"20250607",두산,롯데,잠실,23750.00000
1753,"20250607",삼성,NC,대구,24000.00000
1754,"20250607",KT,SSG,수원,16755.00000
1755,"20250608",KIA,한화,광주,18586.00000
1756,"20250608",키움,LG,고척,16000.00000
1757,"20250608",두산,롯데,잠실,23750.00000
1758,"20250608",삼성,NC,대구,24000.00000
1759,"20250608",KT,SSG,수원,13026.00000
1760,"20250610",KT,롯데,수원,10809.00000
1761,"20250610",키움,NC,고척,4004.00000
1762,"20250610",한화,두산,대전,16691.00000
1763,"20250610",LG,SSG,잠실,17221.00000
1764,"20250610",KIA,삼성,광주,15887.00000
1765,"20250611",KT,롯데,수원,11777.00000
1766,"20250611",키움,NC,고척,4034.00000
1767,"20250611",한화,두산,대전,17000.00000
1768,"20250611",LG,SSG,잠실,18192.00000
1769,"20250611",KIA,삼성,광주,17320.00000
1770,"20250612",KT,롯데,수원,12378.00000
1771,"20250612",키움,NC,고척,4410.00000
1772,"20250612",한화,두산,대전,17000.00000
1773,"20250612",LG,SSG,잠실,18321.00000
1774,"20250612",KIA,삼성,광주,16761.00000
1775,"20250613",NC,KIA,창원,8362.00000
1776,"20250614",NC,KIA,창원,15000.00000
1777,"20250614",삼성,KT,대구,24000.00000
1778,"20250614",한화,LG,대전,17000.00000
1779,"20250614",SSG,롯데,문학,23000.00000
1780,"20250614",두산,키움,잠실,18390.00000
1781,"20250615",NC,KIA,창원,12470.00000
1782,"20250615",삼성,KT,대구,24000.00000
1783,"20250615",한화,LG,대전,17000.00000
1784,"20250615",SSG,롯데,문학,20960.00000
1785,"20250615",두산,키움,잠실,11744.00000
1786,"20250617",롯데,한화,사직,22669.00000
1787,"20250617",KIA,KT,광주,10596.00000
1788,"20250617",LG,NC,잠실,15069.00000
1789,"20250617",삼성,두산,대구,23044.00000
1790,"20250617",키움,SSG,고척,6205.00000
1791,"20250618",롯데,한화,사직,22669.00000
1792,"20250618",KIA,KT,광주,16311.00000
1793,"20250618",LG,NC,잠실,16103.00000
1794,"20250618",삼성,두산,대구,23385.00000
1795,"20250618",키움,SSG,고척,6941.00000
1796,"20250619",롯데,한화,사직,22669.00000
1797,"20250619",KIA,KT,광주,14079.00000
1798,"20250619",LG,NC,잠실,15636.00000
1799,"20250619",삼성,두산,대구,23355.00000
1800,"20250619",키움,SSG,고척,7032.00000
1801,"20250620",롯데,삼성,사직,21911.00000
1802,"20250621",SSG,KIA,문학,23000.00000
1803,"20250621",KT,NC,수원,13680.00000
1804,"20250621",LG,두산,잠실,23750.00000
1805,"20250622",SSG,KIA,문학,23000.00000
1806,"20250622",KT,NC,수원,12059.00000
1807,"20250622",LG,두산,잠실,23750.00000
1808,"20250622",롯데,삼성,사직,22669.00000
1809,"20250622",한화,키움,대전,17000.00000
1810,"20250624",키움,KIA,고척,16000.00000
1811,"20250624",KT,LG,수원,9335.00000
1812,"20250624",두산,SSG,잠실,12141.00000
1813,"20250625",삼성,한화,대구,24000.00000
1814,"20250625",키움,KIA,고척,16000.00000
1815,"20250625",NC,롯데,창원,15587.00000
1816,"20250626",삼성,한화,대구,24000.00000
1817,"20250626",키움,KIA,고척,16000.00000
1818,"20250626",KT,LG,수원,13365.00000
1819,"20250626",NC,롯데,창원,16335.00000
1820,"20250626",두산,SSG,잠실,13553.00000
1821,"20250627",SSG,한화,문학,23000.00000
1822,"20250627",LG,KIA,잠실,23750.00000
1823,"20250627",롯데,KT,사직,22669.00000
1824,"20250627",NC,두산,창원,8025.00000
1825,"20250627",키움,삼성,고척,16000.00000
1826,"20250628",SSG,한화,문학,23183.00000
1827,"20250628",LG,KIA,잠실,23750.00000
1828,"20250628",롯데,KT,사직,22669.00000
1829,"20250628",NC,두산,창원,12961.00000
1830,"20250628",키움,삼성,고척,16000.00000
1831,"20250629",SSG,한화,문학,23000.00000
1832,"20250629",LG,KIA,잠실,23750.00000
1833,"20250629",롯데,KT,사직,22669.00000
1834,"20250629",NC,두산,창원,9894.00000
1835,"20250629",키움,삼성,고척,16000.00000
1836,"20250701",롯데,LG,사직,19627.00000
1837,"20250701",한화,NC,대전,17000.00000
1838,"20250701",KIA,SSG,광주,11782.00000
1839,"20250701",두산,삼성,잠실,18022.00000
1840,"20250701",KT,키움,수원,5616.00000
1841,"20250702",롯데,LG,사직,20661.00000
1842,"20250702",한화,NC,대전,17000.00000
1843,"20250702",KIA,SSG,광주,11827.00000
1844,"20250702",두산,삼성,잠실,20448.00000
1845,"20250702",KT,키움,수원,6787.00000
1846,"20250703",롯데,LG,사직,21914.00000
1847,"20250703",한화,NC,대전,17000.00000
1848,"20250703",KIA,SSG,광주,13013.00000
1849,"20250703",두산,삼성,잠실,21525.00000
1850,"20250703",KT,키움,수원,8540.00000
1851,"20250704",키움,한화,고척,16000.00000
1852,"20250704",두산,KT,잠실,16101.00000
1853,"20250704",삼성,LG,대구,24000.00000
1854,"20250704",KIA,롯데,광주,20500.00000
1855,"20250704",NC,SSG,창원,11147.00000
1856,"20250705",키움,한화,고척,16000.00000
1857,"20250705",두산,KT,잠실,19774.00000
1858,"20250705",삼성,LG,대구,24000.00000
1859,"20250705",KIA,롯데,광주,20500.00000
1860,"20250705",NC,SSG,창원,12028.00000
1861,"20250706",키움,한화,고척,16000.00000
1862,"20250706",두산,KT,잠실,23750.00000
1863,"20250706",삼성,LG,대구,24000.00000
1864,"20250706",KIA,롯데,광주,20500.00000
1865,"20250706",NC,SSG,창원,7726.00000
1866,"20250708",한화,KIA,대전,17000.00000
1867,"20250708",SSG,KT,문학,10812.00000
1868,"20250708",롯데,두산,사직,18541.00000
1869,"20250708",NC,삼성,창원,8294.00000
1870,"20250708",LG,키움,잠실,16098.00000
1871,"20250709",한화,KIA,대전,17000.00000
1872,"20250709",SSG,KT,문학,10259.00000
1873,"20250709",롯데,두산,사직,19071.00000
1874,"20250709",NC,삼성,창원,9220.00000
1875,"20250709",LG,키움,잠실,16400.00000
1876,"20250710",한화,KIA,대전,17000.00000
1877,"20250710",SSG,KT,문학,10817.00000
1878,"20250710",롯데,두산,사직,21199.00000
1879,"20250710",NC,삼성,창원,10106.00000
1880,"20250710",LG,키움,잠실,16628.00000
1881,"20250718",KT,한화,수원,18700.00000
1882,"20250718",LG,롯데,잠실,23750.00000
1883,"20250719",KT,한화,수원,18700.00000
1884,"20250719",LG,롯데,잠실,23750.00000
1885,"20250719",SSG,두산,문학,19877.00000
1886,"20250720",KT,한화,수원,18700.00000
1887,"20250720",LG,롯데,잠실,23750.00000
1888,"20250720",KIA,NC,광주,16985.00000
1889,"20250720",SSG,두산,문학,18102.00000
1890,"20250720",삼성,키움,대구,24000.00000
