MATCH_SEQ_NO,MATCH_DE,HOME_TEAM_NM,AWAY_TEAM_NM,STDM_NM,SPORTS_VIEWNG_NMPR_CO
1,20230401,키움,한화,고척,16000.0
2,20230401,SSG,KIA,문학,23000.0
3,20230401,KT,LG,수원,18700.0
4,20230401,두산,롯데,잠실,23750.0
5,20230401,삼성,NC,대구,24000.0
6,20230402,키움,한화,고척,11562.0
7,20230402,SSG,KIA,문학,23000.0
8,20230402,KT,LG,수원,14700.0
9,20230402,두산,롯데,잠실,23750.0
10,20230402,삼성,NC,대구,18483.0
11,20230404,삼성,한화,대구,5936.0
12,20230404,키움,LG,고척,4510.0
13,20230404,SSG,롯데,문학,5809.0
14,20230404,두산,NC,잠실,3924.0
15,20230405,키움,LG,고척,4194.0
16,20230405,두산,NC,잠실,2172.0
17,20230406,삼성,한화,대구,6525.0
18,20230406,키움,LG,고척,4556.0
19,20230406,두산,NC,잠실,3724.0
20,20230407,롯데,KT,사직,14734.0
21,20230407,KIA,두산,광주,12821.0
22,20230407,한화,SSG,한밭,10415.0
23,20230407,LG,삼성,잠실,17201.0
24,20230407,NC,키움,창원,6867.0
25,20230408,롯데,KT,사직,16555.0
26,20230408,KIA,두산,광주,16432.0
27,20230408,한화,SSG,한밭,11232.0
28,20230408,LG,삼성,잠실,22141.0
29,20230408,NC,키움,창원,9763.0
30,20230409,롯데,KT,사직,12283.0
31,20230409,KIA,두산,광주,14070.0
32,20230409,한화,SSG,한밭,9455.0
33,20230409,LG,삼성,잠실,20439.0
34,20230409,NC,키움,창원,7686.0
35,20230411,KIA,한화,광주,3623.0
36,20230411,NC,KT,창원,2069.0
37,20230411,롯데,LG,사직,5286.0
38,20230411,삼성,SSG,대구,3907.0
39,20230411,두산,키움,잠실,4372.0
40,20230412,KIA,한화,광주,5252.0
41,20230412,NC,KT,창원,2448.0
42,20230412,롯데,LG,사직,6519.0
43,20230412,삼성,SSG,대구,5405.0
44,20230413,KIA,한화,광주,5457.0
45,20230413,NC,KT,창원,3174.0
46,20230413,롯데,LG,사직,6505.0
47,20230413,삼성,SSG,대구,4648.0
48,20230413,두산,키움,잠실,6917.0
49,20230414,KT,한화,수원,7145.0
50,20230414,키움,KIA,고척,8043.0
51,20230414,삼성,롯데,대구,9124.0
52,20230414,SSG,NC,문학,8218.0
53,20230414,LG,두산,잠실,16528.0
54,20230415,KT,한화,수원,13212.0
55,20230415,키움,KIA,고척,13752.0
56,20230415,삼성,롯데,대구,18231.0
57,20230415,SSG,NC,문학,13956.0
58,20230415,LG,두산,잠실,21243.0
59,20230416,KT,한화,수원,13010.0
60,20230416,키움,KIA,고척,11265.0
61,20230416,삼성,롯데,대구,16076.0
62,20230416,SSG,NC,문학,13460.0
63,20230416,LG,두산,잠실,20090.0
64,20230418,롯데,KIA,사직,3829.0
65,20230418,LG,NC,잠실,6574.0
66,20230418,한화,두산,한밭,4012.0
67,20230418,KT,SSG,수원,3398.0
68,20230418,키움,삼성,고척,3104.0
69,20230419,롯데,KIA,사직,4869.0
70,20230419,LG,NC,잠실,7090.0
71,20230419,한화,두산,한밭,4212.0
72,20230419,KT,SSG,수원,3405.0
73,20230419,키움,삼성,고척,3869.0
74,20230420,롯데,KIA,사직,6423.0
75,20230420,LG,NC,잠실,9090.0
76,20230420,한화,두산,한밭,4122.0
77,20230420,KT,SSG,수원,4472.0
78,20230420,키움,삼성,고척,3918.0
79,20230421,두산,KT,잠실,6896.0
80,20230421,한화,LG,한밭,6004.0
81,20230421,NC,롯데,창원,12613.0
82,20230421,KIA,삼성,광주,6870.0
83,20230421,SSG,키움,문학,12374.0
84,20230422,두산,KT,잠실,13410.0
85,20230422,한화,LG,한밭,11152.0
86,20230422,NC,롯데,창원,15130.0
87,20230422,KIA,삼성,광주,12990.0
88,20230422,SSG,키움,문학,16535.0
89,20230423,두산,KT,잠실,10151.0
90,20230423,한화,LG,한밭,9023.0
91,20230423,NC,롯데,창원,13286.0
92,20230423,KIA,삼성,광주,10026.0
93,20230423,SSG,키움,문학,15878.0
94,20230425,키움,KT,고척,2956.0
95,20230425,KIA,NC,광주,2216.0
96,20230425,LG,SSG,잠실,7344.0
97,20230426,롯데,한화,사직,7905.0
98,20230426,키움,KT,고척,2489.0
99,20230426,KIA,NC,광주,4798.0
100,20230426,삼성,두산,대구,9213.0
101,20230426,LG,SSG,잠실,10419.0
102,20230427,롯데,한화,사직,10393.0
103,20230427,키움,KT,고척,3024.0
104,20230427,KIA,NC,광주,6017.0
105,20230427,삼성,두산,대구,8473.0
106,20230427,LG,SSG,잠실,13061.0
107,20230428,LG,KIA,잠실,22695.0
108,20230428,한화,NC,한밭,7242.0
109,20230428,SSG,두산,문학,14909.0
110,20230428,KT,삼성,수원,7314.0
111,20230428,롯데,키움,사직,14343.0
112,20230429,LG,KIA,잠실,23750.0
113,20230429,한화,NC,한밭,7813.0
114,20230429,SSG,두산,문학,20180.0
115,20230429,KT,삼성,수원,12039.0
116,20230430,LG,KIA,잠실,23750.0
117,20230430,한화,NC,한밭,10442.0
118,20230430,SSG,두산,문학,21026.0
119,20230430,KT,삼성,수원,14582.0
120,20230430,롯데,키움,사직,22990.0
121,20230502,두산,한화,잠실,9834.0
122,20230502,SSG,KT,문학,6950.0
123,20230502,NC,LG,창원,3939.0
124,20230502,KIA,롯데,광주,8892.0
125,20230502,삼성,키움,대구,10624.0
126,20230503,두산,한화,잠실,14271.0
127,20230503,SSG,KT,문학,7703.0
128,20230503,NC,LG,창원,4874.0
129,20230503,KIA,롯데,광주,13815.0
130,20230503,삼성,키움,대구,13394.0
131,20230504,두산,한화,잠실,10825.0
132,20230504,SSG,KT,문학,7529.0
133,20230504,삼성,키움,대구,12076.0
134,20230505,키움,SSG,고척,16000.0
135,20230506,키움,SSG,고척,11063.0
136,20230507,한화,KT,한밭,8551.0
137,20230507,두산,LG,잠실,22073.0
138,20230507,키움,SSG,고척,7623.0
139,20230509,KT,NC,수원,2764.0
140,20230509,롯데,두산,사직,11643.0
141,20230509,KIA,SSG,광주,8916.0
142,20230509,한화,삼성,한밭,5014.0
143,20230509,LG,키움,잠실,10421.0
144,20230510,KT,NC,수원,3734.0
145,20230510,롯데,두산,사직,11435.0
146,20230510,KIA,SSG,광주,8481.0
147,20230510,한화,삼성,한밭,5865.0
148,20230510,LG,키움,잠실,12125.0
149,20230511,KT,NC,수원,3934.0
150,20230511,롯데,두산,사직,13350.0
151,20230511,KIA,SSG,광주,8898.0
152,20230511,한화,삼성,한밭,6007.0
153,20230511,LG,키움,잠실,11773.0
154,20230512,SSG,한화,문학,14395.0
155,20230512,두산,KIA,잠실,20563.0
156,20230512,삼성,LG,대구,13765.0
157,20230512,KT,롯데,수원,10937.0
158,20230512,키움,NC,고척,3866.0
159,20230513,SSG,한화,문학,23000.0
160,20230513,두산,KIA,잠실,23750.0
161,20230513,삼성,LG,대구,21817.0
162,20230513,KT,롯데,수원,18700.0
163,20230513,키움,NC,고척,6573.0
164,20230514,SSG,한화,문학,20757.0
165,20230514,두산,KIA,잠실,23750.0
166,20230514,삼성,LG,대구,18569.0
167,20230514,KT,롯데,수원,15470.0
168,20230514,키움,NC,고척,5634.0
169,20230516,삼성,KIA,대구,9112.0
170,20230516,LG,KT,잠실,8567.0
171,20230516,한화,롯데,한밭,6138.0
172,20230516,키움,두산,고척,5662.0
173,20230516,NC,SSG,창원,4113.0
174,20230517,삼성,KIA,대구,10979.0
175,20230517,LG,KT,잠실,9838.0
176,20230517,한화,롯데,한밭,6269.0
177,20230517,키움,두산,고척,5232.0
178,20230517,NC,SSG,창원,4344.0
179,20230518,LG,KT,잠실,9155.0
180,20230518,한화,롯데,한밭,6116.0
181,20230518,키움,두산,고척,5742.0
182,20230519,LG,한화,잠실,19798.0
183,20230519,KT,두산,수원,6817.0
184,20230519,롯데,SSG,사직,19011.0
185,20230519,NC,삼성,창원,8493.0
186,20230519,KIA,키움,광주,11290.0
187,20230520,LG,한화,잠실,23750.0
188,20230520,KT,두산,수원,13253.0
189,20230520,롯데,SSG,사직,22990.0
190,20230520,NC,삼성,창원,14870.0
191,20230520,KIA,키움,광주,19030.0
192,20230521,LG,한화,잠실,22054.0
193,20230521,KT,두산,수원,10521.0
194,20230521,롯데,SSG,사직,22990.0
195,20230521,NC,삼성,창원,10910.0
196,20230521,KIA,키움,광주,14617.0
197,20230523,한화,KIA,한밭,6376.0
198,20230523,SSG,LG,문학,12508.0
199,20230523,롯데,NC,사직,15047.0
200,20230523,두산,삼성,잠실,10733.0
201,20230523,KT,키움,수원,4203.0
202,20230524,한화,KIA,한밭,7004.0
203,20230524,SSG,LG,문학,16829.0
204,20230524,롯데,NC,사직,14244.0
205,20230524,두산,삼성,잠실,11108.0
206,20230524,KT,키움,수원,5173.0
207,20230525,한화,KIA,한밭,8186.0
208,20230525,SSG,LG,문학,17575.0
209,20230525,롯데,NC,사직,15221.0
210,20230525,두산,삼성,잠실,11005.0
211,20230525,KT,키움,수원,5235.0
212,20230526,NC,한화,창원,5952.0
213,20230526,삼성,KT,대구,12874.0
214,20230526,KIA,LG,광주,10954.0
215,20230526,키움,롯데,고척,11692.0
216,20230526,두산,SSG,잠실,10428.0
217,20230527,NC,한화,창원,9558.0
218,20230527,삼성,KT,대구,17305.0
219,20230527,KIA,LG,광주,17931.0
220,20230527,키움,롯데,고척,16000.0
221,20230528,삼성,KT,대구,14523.0
222,20230528,KIA,LG,광주,17015.0
223,20230528,키움,롯데,고척,16000.0
224,20230530,KIA,KT,광주,5352.0
225,20230530,LG,롯데,잠실,20330.0
226,20230530,NC,두산,창원,3180.0
227,20230530,SSG,삼성,문학,10232.0
228,20230530,한화,키움,한밭,4486.0
229,20230531,KIA,KT,광주,7244.0
230,20230531,LG,롯데,잠실,21269.0
231,20230531,NC,두산,창원,4180.0
232,20230531,SSG,삼성,문학,10745.0
233,20230531,한화,키움,한밭,4384.0
234,20230601,LG,롯데,잠실,22020.0
235,20230601,SSG,삼성,문학,9028.0
236,20230601,한화,키움,한밭,5040.0
237,20230602,롯데,KIA,사직,18996.0
238,20230602,LG,NC,잠실,10238.0
239,20230602,KT,두산,수원,5157.0
240,20230602,한화,삼성,한밭,6675.0
241,20230602,SSG,키움,문학,12533.0
242,20230603,롯데,KIA,사직,22990.0
243,20230603,LG,NC,잠실,18890.0
244,20230603,KT,두산,수원,12155.0
245,20230603,한화,삼성,한밭,12000.0
246,20230603,SSG,키움,문학,19071.0
247,20230604,롯데,KIA,사직,22990.0
248,20230604,LG,NC,잠실,15096.0
249,20230604,KT,두산,수원,10239.0
250,20230604,한화,삼성,한밭,12000.0
251,20230604,SSG,키움,문학,17007.0
252,20230606,두산,한화,잠실,21146.0
253,20230606,롯데,KT,사직,20441.0
254,20230606,키움,LG,고척,14903.0
255,20230606,삼성,NC,대구,14639.0
256,20230606,KIA,SSG,광주,15130.0
257,20230607,두산,한화,잠실,8497.0
258,20230607,롯데,KT,사직,10066.0
259,20230607,키움,LG,고척,5390.0
260,20230607,삼성,NC,대구,7119.0
261,20230607,KIA,SSG,광주,7569.0
262,20230608,두산,한화,잠실,8509.0
263,20230608,롯데,KT,사직,10504.0
264,20230608,키움,LG,고척,6076.0
265,20230608,삼성,NC,대구,5989.0
266,20230608,KIA,SSG,광주,6646.0
267,20230609,두산,KIA,잠실,16250.0
268,20230609,한화,LG,한밭,6005.0
269,20230609,삼성,롯데,대구,15893.0
270,20230609,NC,SSG,창원,5110.0
271,20230609,KT,키움,수원,5033.0
272,20230610,두산,KIA,잠실,22233.0
273,20230610,한화,LG,한밭,11072.0
274,20230610,삼성,롯데,대구,24000.0
275,20230610,NC,SSG,창원,11026.0
276,20230610,KT,키움,수원,9622.0
277,20230611,두산,KIA,잠실,18623.0
278,20230611,한화,LG,한밭,7601.0
279,20230611,삼성,롯데,대구,18496.0
280,20230611,NC,SSG,창원,7210.0
281,20230611,KT,키움,수원,6806.0
282,20230613,롯데,한화,사직,16007.0
283,20230613,키움,KIA,고척,7834.0
284,20230613,SSG,KT,문학,6568.0
285,20230613,NC,두산,창원,3699.0
286,20230613,LG,삼성,잠실,11103.0
287,20230614,롯데,한화,사직,10803.0
288,20230614,키움,KIA,고척,8016.0
289,20230614,SSG,KT,문학,6579.0
290,20230614,NC,두산,창원,3154.0
291,20230614,LG,삼성,잠실,11725.0
292,20230615,롯데,한화,사직,12594.0
293,20230615,키움,KIA,고척,8528.0
294,20230615,SSG,KT,문학,6736.0
295,20230615,NC,두산,창원,3633.0
296,20230615,LG,삼성,잠실,12023.0
297,20230616,SSG,롯데,문학,18013.0
298,20230616,KIA,NC,광주,10170.0
299,20230616,LG,두산,잠실,18826.0
300,20230616,KT,삼성,수원,6998.0
301,20230616,한화,키움,한밭,7005.0
302,20230617,SSG,롯데,문학,23000.0
303,20230617,KIA,NC,광주,15992.0
304,20230617,LG,두산,잠실,22878.0
305,20230617,KT,삼성,수원,14935.0
306,20230617,한화,키움,한밭,11008.0
307,20230618,SSG,롯데,문학,19156.0
308,20230618,KIA,NC,광주,13967.0
309,20230618,LG,두산,잠실,19038.0
310,20230618,KT,삼성,수원,10137.0
311,20230618,한화,키움,한밭,8163.0
312,20230620,한화,KIA,한밭,5451.0
313,20230620,NC,LG,창원,3433.0
314,20230620,KT,롯데,수원,5773.0
315,20230620,두산,SSG,잠실,6186.0
316,20230620,삼성,키움,대구,7667.0
317,20230621,한화,KIA,한밭,5207.0
318,20230621,NC,LG,창원,3571.0
319,20230621,KT,롯데,수원,6024.0
320,20230621,두산,SSG,잠실,5473.0
321,20230621,삼성,키움,대구,7453.0
322,20230622,한화,KIA,한밭,7675.0
323,20230622,NC,LG,창원,4997.0
324,20230622,KT,롯데,수원,7861.0
325,20230622,두산,SSG,잠실,7291.0
326,20230622,삼성,키움,대구,10176.0
327,20230623,NC,한화,창원,6376.0
328,20230623,KIA,KT,광주,9018.0
329,20230623,LG,롯데,잠실,21089.0
330,20230623,키움,두산,고척,7316.0
331,20230623,SSG,삼성,문학,12744.0
332,20230624,NC,한화,창원,13791.0
333,20230624,KIA,KT,광주,14043.0
334,20230624,LG,롯데,잠실,23750.0
335,20230624,키움,두산,고척,11717.0
336,20230624,SSG,삼성,문학,20062.0
337,20230625,LG,롯데,잠실,20846.0
338,20230625,키움,두산,고척,9549.0
339,20230625,SSG,삼성,문학,14722.0
340,20230627,한화,KT,한밭,4625.0
341,20230627,SSG,LG,문학,12244.0
342,20230627,두산,NC,잠실,5302.0
343,20230627,롯데,삼성,사직,11654.0
344,20230627,KIA,키움,광주,5349.0
345,20230628,한화,KT,한밭,5007.0
346,20230628,SSG,LG,문학,11045.0
347,20230628,두산,NC,잠실,5400.0
348,20230628,롯데,삼성,사직,13787.0
349,20230628,KIA,키움,광주,4816.0
350,20230630,삼성,한화,대구,8114.0
351,20230630,LG,KIA,잠실,20568.0
352,20230630,KT,NC,수원,4596.0
353,20230630,롯데,두산,울산,6894.0
354,20230630,키움,SSG,고척,7164.0
355,20230701,삼성,한화,대구,18151.0
356,20230701,LG,KIA,잠실,23750.0
357,20230701,KT,NC,수원,9551.0
358,20230701,롯데,두산,울산,10013.0
359,20230701,키움,SSG,고척,10836.0
360,20230702,삼성,한화,대구,12395.0
361,20230702,LG,KIA,잠실,20959.0
362,20230702,KT,NC,수원,5406.0
363,20230702,롯데,두산,울산,7588.0
364,20230702,키움,SSG,고척,9512.0
365,20230704,키움,NC,고척,4474.0
366,20230704,삼성,두산,포항,4182.0
367,20230705,SSG,KIA,문학,13025.0
368,20230705,LG,KT,잠실,9707.0
369,20230705,한화,롯데,한밭,7760.0
370,20230705,키움,NC,고척,4027.0
371,20230705,삼성,두산,포항,5902.0
372,20230706,SSG,KIA,문학,17513.0
373,20230706,LG,KT,잠실,10736.0
374,20230706,한화,롯데,한밭,10061.0
375,20230706,키움,NC,고척,4013.0
376,20230706,삼성,두산,포항,6923.0
377,20230707,KT,KIA,수원,16315.0
378,20230707,두산,키움,잠실,14123.0
379,20230708,KT,KIA,수원,18700.0
380,20230708,롯데,LG,사직,19496.0
381,20230708,한화,SSG,한밭,12000.0
382,20230708,NC,삼성,창원,12462.0
383,20230708,두산,키움,잠실,19676.0
384,20230709,KT,KIA,수원,18700.0
385,20230709,롯데,LG,사직,15860.0
386,20230709,한화,SSG,한밭,10168.0
387,20230709,NC,삼성,창원,8522.0
388,20230709,두산,키움,잠실,11472.0
389,20230711,키움,KT,고척,4217.0
390,20230712,LG,한화,잠실,17812.0
391,20230712,키움,KT,고척,3890.0
392,20230712,NC,롯데,창원,13074.0
393,20230712,SSG,두산,문학,19699.0
394,20230712,KIA,삼성,광주,8470.0
395,20230713,키움,KT,고척,4520.0
396,20230713,NC,롯데,창원,10316.0
397,20230713,KIA,삼성,광주,7085.0
398,20230721,삼성,KT,대구,7833.0
399,20230721,한화,NC,한밭,8475.0
400,20230721,KIA,두산,광주,9779.0
401,20230721,LG,SSG,잠실,17524.0
402,20230721,롯데,키움,사직,13431.0
403,20230722,삼성,KT,대구,10356.0
404,20230722,한화,NC,한밭,10021.0
405,20230722,롯데,키움,사직,14266.0
406,20230723,삼성,KT,대구,8613.0
407,20230723,롯데,키움,사직,11470.0
408,20230725,키움,한화,고척,9886.0
409,20230725,NC,KIA,창원,5668.0
410,20230725,KT,LG,수원,7948.0
411,20230725,두산,롯데,잠실,12700.0
412,20230725,삼성,SSG,대구,5557.0
413,20230726,키움,한화,고척,11324.0
414,20230726,NC,KIA,창원,6325.0
415,20230726,KT,LG,수원,8134.0
416,20230726,두산,롯데,잠실,13620.0
417,20230726,삼성,SSG,대구,6955.0
418,20230727,키움,한화,고척,11650.0
419,20230727,NC,KIA,창원,7279.0
420,20230727,KT,LG,수원,8413.0
421,20230727,두산,롯데,잠실,12511.0
422,20230727,삼성,SSG,대구,7663.0
423,20230728,SSG,한화,문학,14386.0
424,20230728,NC,KT,창원,4676.0
425,20230728,두산,LG,잠실,16987.0
426,20230728,KIA,롯데,광주,10295.0
427,20230728,키움,삼성,고척,7755.0
428,20230729,SSG,한화,문학,21344.0
429,20230729,NC,KT,창원,8309.0
430,20230729,두산,LG,잠실,21126.0
431,20230729,KIA,롯데,광주,14754.0
432,20230729,키움,삼성,고척,11851.0
433,20230730,SSG,한화,문학,18158.0
434,20230730,NC,KT,창원,6181.0
435,20230730,두산,LG,잠실,19500.0
436,20230730,KIA,롯데,광주,11796.0
437,20230730,키움,삼성,고척,11235.0
438,20230801,삼성,KIA,포항,6912.0
439,20230801,롯데,NC,사직,13326.0
440,20230801,한화,두산,한밭,10225.0
441,20230801,KT,SSG,수원,7831.0
442,20230801,LG,키움,잠실,12159.0
443,20230802,삼성,KIA,포항,6477.0
444,20230802,롯데,NC,사직,11444.0
445,20230802,한화,두산,한밭,9011.0
446,20230802,KT,SSG,수원,7780.0
447,20230802,LG,키움,잠실,11740.0
448,20230803,삼성,KIA,포항,6357.0
449,20230803,롯데,NC,사직,10162.0
450,20230803,한화,두산,한밭,9024.0
451,20230803,KT,SSG,수원,7521.0
452,20230803,LG,키움,잠실,12179.0
453,20230804,KIA,한화,광주,11495.0
454,20230804,두산,KT,잠실,6358.0
455,20230804,삼성,LG,대구,10856.0
456,20230804,롯데,SSG,사직,8545.0
457,20230804,NC,키움,창원,5107.0
458,20230805,KIA,한화,광주,13487.0
459,20230805,두산,KT,잠실,8847.0
460,20230805,삼성,LG,대구,15879.0
461,20230805,롯데,SSG,사직,10670.0
462,20230805,NC,키움,창원,8244.0
463,20230806,KIA,한화,광주,10125.0
464,20230806,두산,KT,잠실,6744.0
465,20230806,삼성,LG,대구,11446.0
466,20230806,롯데,SSG,사직,8162.0
467,20230806,NC,키움,창원,6583.0
468,20230808,KT,한화,수원,9704.0
469,20230808,키움,롯데,고척,8376.0
470,20230808,SSG,NC,문학,8131.0
471,20230808,두산,삼성,잠실,8519.0
472,20230809,KT,한화,수원,10099.0
473,20230809,KIA,LG,광주,3700.0
474,20230809,키움,롯데,고척,7424.0
475,20230809,SSG,NC,문학,6473.0
476,20230809,두산,삼성,잠실,8344.0
477,20230810,키움,롯데,고척,6240.0
478,20230811,롯데,KIA,사직,10118.0
479,20230811,KT,NC,수원,5969.0
480,20230811,한화,두산,한밭,7333.0
481,20230811,SSG,삼성,문학,7495.0
482,20230811,LG,키움,잠실,11910.0
483,20230812,롯데,KIA,사직,16677.0
484,20230812,KT,NC,수원,10138.0
485,20230812,한화,두산,한밭,12000.0
486,20230812,SSG,삼성,문학,18055.0
487,20230812,LG,키움,잠실,17624.0
488,20230813,롯데,KIA,사직,14325.0
489,20230813,KT,NC,수원,9736.0
490,20230813,한화,두산,한밭,11007.0
491,20230813,SSG,삼성,문학,16473.0
492,20230813,LG,키움,잠실,18279.0
493,20230815,NC,한화,창원,10116.0
494,20230815,두산,KT,잠실,11069.0
495,20230815,삼성,LG,대구,14248.0
496,20230815,롯데,SSG,사직,11871.0
497,20230815,KIA,키움,광주,11541.0
498,20230816,NC,한화,창원,5033.0
499,20230816,두산,KT,잠실,5160.0
500,20230816,삼성,LG,대구,7441.0
501,20230816,롯데,SSG,사직,10542.0
502,20230816,KIA,키움,광주,7050.0
503,20230817,NC,한화,창원,4875.0
504,20230817,두산,KT,잠실,4943.0
505,20230817,삼성,LG,대구,7415.0
506,20230817,롯데,SSG,사직,9843.0
507,20230817,KIA,키움,광주,6159.0
508,20230818,삼성,KIA,대구,10630.0
509,20230818,한화,KT,한밭,7003.0
510,20230818,SSG,LG,문학,14549.0
511,20230818,키움,롯데,고척,8817.0
512,20230819,삼성,KIA,대구,17448.0
513,20230819,한화,KT,한밭,11606.0
514,20230819,SSG,LG,문학,23000.0
515,20230819,키움,롯데,고척,13423.0
516,20230819,두산,NC,잠실,12240.0
517,20230820,삼성,KIA,대구,12586.0
518,20230820,한화,KT,한밭,8762.0
519,20230820,SSG,LG,문학,18441.0
520,20230820,키움,롯데,고척,12545.0
521,20230820,두산,NC,잠실,8286.0
522,20230822,KT,KIA,수원,7916.0
523,20230822,키움,두산,고척,6455.0
524,20230822,한화,삼성,한밭,5806.0
525,20230823,키움,두산,고척,6455.0
526,20230824,KT,KIA,수원,9846.0
527,20230824,LG,롯데,잠실,15547.0
528,20230824,SSG,NC,문학,6683.0
529,20230824,키움,두산,고척,6819.0
530,20230825,KIA,한화,광주,8457.0
531,20230825,롯데,KT,사직,10709.0
532,20230825,NC,LG,창원,9288.0
533,20230825,두산,SSG,잠실,8363.0
534,20230825,삼성,키움,대구,11135.0
535,20230826,KIA,한화,광주,16812.0
536,20230826,롯데,KT,사직,15657.0
537,20230826,NC,LG,창원,13484.0
538,20230826,두산,SSG,잠실,15101.0
539,20230826,삼성,키움,대구,17586.0
540,20230827,KIA,한화,광주,12627.0
541,20230827,롯데,KT,사직,10735.0
542,20230827,NC,LG,창원,8771.0
543,20230827,두산,SSG,잠실,11300.0
544,20230827,삼성,키움,대구,13461.0
545,20230830,SSG,키움,문학,7809.0
546,20230831,한화,롯데,한밭,7179.0
547,20230831,KIA,NC,광주,7152.0
548,20230831,LG,두산,잠실,17859.0
549,20230831,KT,삼성,수원,8071.0
550,20230831,SSG,키움,문학,9780.0
551,20230901,LG,한화,잠실,20381.0
552,20230901,SSG,KIA,문학,17281.0
553,20230901,키움,KT,고척,3746.0
554,20230901,삼성,NC,대구,12843.0
555,20230902,LG,한화,잠실,23574.0
556,20230902,SSG,KIA,문학,23000.0
557,20230902,키움,KT,고척,6731.0
558,20230902,삼성,NC,대구,20468.0
559,20230903,LG,한화,잠실,22858.0
560,20230903,SSG,KIA,문학,23000.0
561,20230903,키움,KT,고척,5778.0
562,20230903,삼성,NC,대구,14601.0
563,20230903,롯데,두산,사직,11436.0
564,20230904,롯데,두산,사직,4621.0
565,20230905,KT,LG,수원,10153.0
566,20230905,한화,SSG,한밭,5124.0
567,20230905,롯데,삼성,울산,5999.0
568,20230905,NC,키움,창원,3511.0
569,20230906,두산,KIA,잠실,20468.0
570,20230906,KT,LG,수원,10075.0
571,20230906,한화,SSG,한밭,7213.0
572,20230906,롯데,삼성,울산,6380.0
573,20230906,NC,키움,창원,4269.0
574,20230907,두산,KIA,잠실,21838.0
575,20230907,KT,LG,수원,10799.0
576,20230907,한화,SSG,한밭,7236.0
577,20230907,롯데,삼성,울산,7156.0
578,20230907,NC,키움,창원,4780.0
579,20230908,키움,한화,고척,7715.0
580,20230908,KIA,LG,광주,12280.0
581,20230908,NC,롯데,창원,12684.0
582,20230908,KT,SSG,수원,7200.0
583,20230908,두산,삼성,잠실,15991.0
584,20230909,키움,한화,고척,9962.0
585,20230909,키움,한화,고척,10028.0
586,20230909,KIA,LG,광주,11820.0
587,20230909,KIA,LG,광주,18462.0
588,20230909,NC,롯데,창원,10933.0
589,20230909,NC,롯데,창원,17861.0
590,20230909,KT,SSG,수원,13739.0
591,20230909,두산,삼성,잠실,14279.0
592,20230909,두산,삼성,잠실,21514.0
593,20230910,키움,한화,고척,11313.0
594,20230910,KIA,LG,광주,13948.0
595,20230910,NC,롯데,창원,13984.0
596,20230910,KT,SSG,수원,11212.0
597,20230910,두산,삼성,잠실,17467.0
598,20230912,두산,한화,잠실,10169.0
599,20230912,삼성,KIA,대구,9037.0
600,20230912,SSG,KT,문학,10309.0
601,20230912,롯데,NC,사직,8202.0
602,20230913,NC,KT,창원,3919.0
603,20230913,KIA,롯데,광주,6323.0
604,20230914,삼성,KT,대구,6850.0
605,20230914,두산,SSG,잠실,7257.0
606,20230915,한화,LG,한밭,5724.0
607,20230915,KIA,두산,광주,7350.0
608,20230915,NC,삼성,창원,4129.0
609,20230915,롯데,키움,사직,6409.0
610,20230916,LG,SSG,잠실,18576.0
611,20230917,한화,KT,한밭,7406.0
612,20230917,한화,KT,한밭,6228.0
613,20230917,삼성,롯데,대구,18746.0
614,20230917,KIA,두산,광주,12878.0
615,20230917,LG,SSG,잠실,15193.0
616,20230917,LG,SSG,잠실,14237.0
617,20230918,한화,KT,한밭,3425.0
618,20230918,KIA,두산,광주,3482.0
619,20230919,KIA,LG,광주,8871.0
620,20230919,두산,NC,잠실,6726.0
621,20230919,한화,SSG,한밭,4014.0
622,20230919,KT,삼성,수원,7216.0
623,20230919,롯데,키움,사직,5523.0
624,20230921,한화,KIA,한밭,7747.0
625,20230921,SSG,LG,문학,12353.0
626,20230921,KT,롯데,수원,7691.0
627,20230921,키움,NC,고척,5178.0
628,20230921,삼성,두산,대구,7596.0
629,20230922,KIA,KT,광주,10221.0
630,20230922,SSG,롯데,문학,11561.0
631,20230922,LG,NC,잠실,16269.0
632,20230922,삼성,두산,대구,11568.0
633,20230922,한화,키움,한밭,7088.0
634,20230923,LG,한화,잠실,22765.0
635,20230923,KIA,KT,광주,13846.0
636,20230923,SSG,롯데,문학,19725.0
637,20230923,NC,두산,창원,11026.0
638,20230924,LG,한화,잠실,20369.0
639,20230924,KIA,KT,광주,10108.0
640,20230924,SSG,롯데,문학,16280.0
641,20230924,NC,두산,창원,8247.0
642,20230926,NC,KIA,창원,6945.0
643,20230927,NC,KIA,창원,3775.0
644,20230927,NC,KIA,창원,8190.0
645,20230927,LG,KT,잠실,5656.0
646,20230927,LG,KT,잠실,14733.0
647,20230927,SSG,두산,문학,6526.0
648,20230927,SSG,두산,문학,12132.0
649,20230927,한화,삼성,한밭,2807.0
650,20230927,한화,삼성,한밭,7281.0
651,20230928,롯데,한화,사직,12227.0
652,20230928,NC,KIA,창원,11864.0
653,20230928,키움,SSG,고척,7082.0
654,20230928,LG,삼성,잠실,21057.0
655,20230929,롯데,한화,사직,10279.0
656,20230929,키움,KIA,고척,14472.0
657,20230929,두산,LG,잠실,20951.0
658,20230930,SSG,KIA,문학,22191.0
659,20230930,두산,LG,잠실,23750.0
660,20230930,삼성,NC,대구,24000.0
661,20231001,SSG,KIA,문학,22701.0
662,20231001,두산,LG,잠실,23750.0
663,20231001,한화,NC,한밭,11004.0
664,20231001,롯데,삼성,사직,20159.0
665,20231001,KT,키움,수원,11337.0
666,20231002,KT,LG,수원,18700.0
667,20231002,한화,NC,한밭,12000.0
668,20231002,롯데,삼성,사직,15868.0
669,20231002,롯데,삼성,사직,16293.0
670,20231002,두산,키움,잠실,18050.0
671,20231003,KT,KIA,수원,16841.0
672,20231003,SSG,NC,문학,14507.0
673,20231003,롯데,삼성,사직,13042.0
674,20231003,두산,키움,잠실,14588.0
675,20231004,삼성,한화,대구,12571.0
676,20231004,KT,KIA,수원,3908.0
677,20231004,KT,KIA,수원,5907.0
678,20231004,롯데,LG,사직,6970.0
679,20231004,SSG,NC,문학,8006.0
680,20231005,삼성,한화,대구,14483.0
681,20231005,KT,KIA,수원,7264.0
682,20231005,롯데,LG,사직,10040.0
683,20231005,SSG,NC,문학,9004.0
684,20231006,SSG,한화,문학,15755.0
685,20231006,LG,KIA,잠실,23750.0
686,20231006,KT,삼성,수원,8132.0
687,20231007,KT,한화,수원,15210.0
688,20231007,키움,LG,고척,13301.0
689,20231007,두산,롯데,잠실,19916.0
690,20231007,NC,SSG,창원,13479.0
691,20231008,KT,한화,수원,15197.0
692,20231008,두산,롯데,잠실,21392.0
693,20231008,NC,SSG,창원,10073.0
694,20231008,KIA,삼성,광주,16005.0
695,20231009,NC,한화,창원,8716.0
696,20231009,LG,롯데,잠실,22807.0
697,20231009,KIA,삼성,광주,12758.0
698,20231010,NC,한화,창원,7342.0
699,20231010,LG,롯데,잠실,18521.0
700,20231010,KT,두산,수원,10937.0
701,20231010,KIA,SSG,광주,8333.0
702,20231010,키움,삼성,고척,11757.0
703,20231011,롯데,두산,사직,9940.0
704,20231011,KIA,키움,광주,3656.0
705,20231012,KIA,롯데,광주,4767.0
706,20231012,두산,NC,잠실,7113.0
707,20231013,두산,KIA,잠실,19188.0
708,20231013,NC,LG,창원,6257.0
709,20231013,SSG,키움,문학,16783.0
710,20231014,한화,롯데,한밭,9153.0
711,20231014,LG,두산,잠실,21771.0
712,20231014,삼성,SSG,대구,24000.0
713,20231015,한화,롯데,한밭,9840.0
714,20231015,LG,두산,잠실,23750.0
715,20231015,NC,삼성,창원,17861.0
716,20231016,한화,롯데,한밭,12000.0
717,20231016,KIA,NC,광주,5251.0
718,20231016,두산,SSG,잠실,15850.0
719,20231017,KIA,NC,광주,10175.0
720,20231017,SSG,두산,문학,21007.0
721,20240323,LG,한화,잠실,23750.0
722,20240323,SSG,롯데,문학,23000.0
723,20240323,NC,두산,창원,17891.0
724,20240323,KT,삼성,수원,18700.0
725,20240323,KIA,키움,광주,20500.0
726,20240324,LG,한화,잠실,23750.0
727,20240324,SSG,롯데,문학,23000.0
728,20240324,NC,두산,창원,14555.0
729,20240324,KT,삼성,수원,18700.0
730,20240326,SSG,한화,문학,10541.0
731,20240326,KIA,롯데,광주,7328.0
732,20240326,KT,두산,수원,4378.0
733,20240326,LG,삼성,잠실,14229.0
734,20240326,NC,키움,창원,2839.0
735,20240327,SSG,한화,문학,11005.0
736,20240327,KIA,롯데,광주,8672.0
737,20240327,KT,두산,수원,5271.0
738,20240327,LG,삼성,잠실,18041.0
739,20240327,NC,키움,창원,3681.0
740,20240328,SSG,한화,문학,11755.0
741,20240328,KT,두산,수원,4304.0
742,20240328,LG,삼성,잠실,13420.0
743,20240329,두산,KIA,잠실,23750.0
744,20240329,한화,KT,한밭,12000.0
745,20240329,키움,LG,고척,8465.0
746,20240329,롯데,NC,사직,21554.0
747,20240329,삼성,SSG,대구,21479.0
748,20240330,두산,KIA,잠실,23750.0
749,20240330,한화,KT,한밭,12000.0
750,20240330,키움,LG,고척,13462.0
751,20240330,롯데,NC,사직,22754.0
752,20240330,삼성,SSG,대구,24000.0
753,20240331,두산,KIA,잠실,23750.0
754,20240331,한화,KT,한밭,12000.0
755,20240331,키움,LG,고척,11822.0
756,20240331,롯데,NC,사직,21578.0
757,20240331,삼성,SSG,대구,22886.0
758,20240402,KT,KIA,수원,9682.0
759,20240402,한화,롯데,한밭,12000.0
760,20240402,LG,NC,잠실,11845.0
761,20240402,SSG,두산,문학,12379.0
762,20240402,삼성,키움,대구,8541.0
763,20240403,KT,KIA,수원,8050.0
764,20240403,LG,NC,잠실,10239.0
765,20240403,SSG,두산,문학,12128.0
766,20240404,KT,KIA,수원,10722.0
767,20240404,한화,롯데,한밭,12000.0
768,20240404,LG,NC,잠실,11406.0
769,20240404,SSG,두산,문학,14249.0
770,20240404,삼성,키움,대구,8193.0
771,20240405,키움,한화,고척,16000.0
772,20240405,LG,KT,잠실,13818.0
773,20240405,롯데,두산,사직,12289.0
774,20240405,NC,SSG,창원,5452.0
775,20240405,KIA,삼성,광주,14233.0
776,20240406,키움,한화,고척,16000.0
777,20240406,LG,KT,잠실,21824.0
778,20240406,롯데,두산,사직,19208.0
779,20240406,NC,SSG,창원,11064.0
780,20240406,KIA,삼성,광주,20500.0
781,20240407,키움,한화,고척,16000.0
782,20240407,LG,KT,잠실,19249.0
783,20240407,롯데,두산,사직,16755.0
784,20240407,NC,SSG,창원,8861.0
785,20240407,KIA,삼성,광주,20500.0
786,20240409,두산,한화,잠실,23598.0
787,20240409,NC,KT,창원,4918.0
788,20240409,KIA,LG,광주,11817.0
789,20240409,롯데,삼성,사직,15076.0
790,20240409,SSG,키움,문학,9468.0
791,20240410,두산,한화,잠실,23750.0
792,20240410,NC,KT,창원,9895.0
793,20240410,KIA,LG,광주,20500.0
794,20240410,롯데,삼성,사직,22758.0
795,20240410,SSG,키움,문학,20511.0
796,20240411,두산,한화,잠실,22157.0
797,20240411,NC,KT,창원,3311.0
798,20240411,KIA,LG,광주,11475.0
799,20240411,롯데,삼성,사직,11628.0
800,20240411,SSG,키움,문학,7250.0
801,20240412,한화,KIA,한밭,12000.0
802,20240412,두산,LG,잠실,19916.0
803,20240412,키움,롯데,고척,8838.0
804,20240412,삼성,NC,대구,13104.0
805,20240412,KT,SSG,수원,6912.0
806,20240413,한화,KIA,한밭,12000.0
807,20240413,두산,LG,잠실,23750.0
808,20240413,키움,롯데,고척,14197.0
809,20240413,삼성,NC,대구,24000.0
810,20240413,KT,SSG,수원,13995.0
811,20240414,한화,KIA,한밭,12000.0
812,20240414,두산,LG,잠실,22586.0
813,20240414,키움,롯데,고척,12333.0
814,20240414,삼성,NC,대구,20667.0
815,20240414,KT,SSG,수원,11280.0
816,20240416,NC,한화,창원,4658.0
817,20240416,SSG,KIA,문학,12712.0
818,20240416,키움,KT,고척,2877.0
819,20240416,LG,롯데,잠실,16635.0
820,20240416,삼성,두산,대구,7793.0
821,20240417,NC,한화,창원,9921.0
822,20240417,SSG,KIA,문학,16062.0
823,20240417,키움,KT,고척,3272.0
824,20240417,LG,롯데,잠실,16509.0
825,20240417,삼성,두산,대구,8393.0
826,20240418,SSG,KIA,문학,14263.0
827,20240418,키움,KT,고척,2901.0
828,20240418,LG,롯데,잠실,18200.0
829,20240418,삼성,두산,대구,8697.0
830,20240419,롯데,KT,사직,10636.0
831,20240419,SSG,LG,문학,14097.0
832,20240419,KIA,NC,광주,16889.0
833,20240419,한화,삼성,한밭,12000.0
834,20240419,두산,키움,잠실,10649.0
835,20240420,KIA,NC,광주,17462.0
836,20240420,한화,삼성,한밭,12000.0
837,20240421,롯데,KT,사직,14423.0
838,20240421,롯데,KT,사직,7582.0
839,20240421,SSG,LG,문학,19858.0
840,20240421,SSG,LG,문학,9656.0
841,20240421,KIA,NC,광주,20500.0
842,20240421,한화,삼성,한밭,12000.0
843,20240421,두산,키움,잠실,13745.0
844,20240421,두산,키움,잠실,6197.0
845,20240423,KT,한화,수원,10887.0
846,20240423,키움,KIA,고척,10205.0
847,20240423,삼성,LG,대구,7494.0
848,20240423,두산,NC,잠실,5664.0
849,20240424,KT,한화,수원,12538.0
850,20240424,키움,KIA,고척,11048.0
851,20240424,삼성,LG,대구,10159.0
852,20240424,두산,NC,잠실,6444.0
853,20240424,롯데,SSG,사직,8499.0
854,20240425,KT,한화,수원,11247.0
855,20240425,키움,KIA,고척,13287.0
856,20240425,삼성,LG,대구,12012.0
857,20240425,두산,NC,잠실,7385.0
858,20240425,롯데,SSG,사직,10518.0
859,20240426,LG,KIA,잠실,23750.0
860,20240426,SSG,KT,문학,10075.0
861,20240426,NC,롯데,창원,16573.0
862,20240426,한화,두산,한밭,12000.0
863,20240426,키움,삼성,고척,9519.0
864,20240427,LG,KIA,잠실,23750.0
865,20240427,SSG,KT,문학,16957.0
866,20240427,NC,롯데,창원,17891.0
867,20240427,한화,두산,한밭,12000.0
868,20240427,키움,삼성,고척,15073.0
869,20240428,LG,KIA,잠실,23750.0
870,20240428,SSG,KT,문학,13196.0
871,20240428,NC,롯데,창원,17891.0
872,20240428,한화,두산,한밭,12000.0
873,20240428,키움,삼성,고척,13354.0
874,20240430,KIA,KT,광주,17210.0
875,20240430,NC,LG,창원,7278.0
876,20240430,한화,SSG,한밭,12000.0
877,20240430,두산,삼성,잠실,20170.0
878,20240430,롯데,키움,사직,13376.0
879,20240501,KIA,KT,광주,17402.0
880,20240501,NC,LG,창원,10397.0
881,20240501,한화,SSG,한밭,12000.0
882,20240501,두산,삼성,잠실,23750.0
883,20240501,롯데,키움,사직,14791.0
884,20240502,KIA,KT,광주,16502.0
885,20240502,NC,LG,창원,6338.0
886,20240502,한화,SSG,한밭,10890.0
887,20240502,두산,삼성,잠실,20395.0
888,20240502,롯데,키움,사직,12569.0
889,20240503,KIA,한화,광주,20500.0
890,20240503,삼성,롯데,대구,24000.0
891,20240503,SSG,NC,문학,13737.0
892,20240503,LG,두산,잠실,23750.0
893,20240503,KT,키움,수원,8213.0
894,20240504,KIA,한화,광주,20500.0
895,20240504,삼성,롯데,대구,24000.0
896,20240504,SSG,NC,문학,22079.0
897,20240504,LG,두산,잠실,23750.0
898,20240504,KT,키움,수원,14620.0
899,20240507,키움,두산,고척,7339.0
900,20240507,LG,SSG,잠실,13387.0
901,20240508,롯데,한화,사직,11407.0
902,20240508,삼성,KIA,대구,15421.0
903,20240508,KT,NC,수원,4480.0
904,20240508,키움,두산,고척,6405.0
905,20240508,LG,SSG,잠실,15699.0
906,20240509,롯데,한화,사직,12774.0
907,20240509,삼성,KIA,대구,16769.0
908,20240509,KT,NC,수원,6369.0
909,20240509,키움,두산,고척,8658.0
910,20240509,LG,SSG,잠실,16823.0
911,20240510,두산,KT,잠실,13013.0
912,20240510,롯데,LG,사직,15731.0
913,20240510,KIA,SSG,광주,18895.0
914,20240510,NC,삼성,창원,12438.0
915,20240510,한화,키움,한밭,12000.0
916,20240511,롯데,LG,사직,22758.0
917,20240511,NC,삼성,창원,17891.0
918,20240511,한화,키움,한밭,12000.0
919,20240512,두산,KT,잠실,16308.0
920,20240512,두산,KT,잠실,9026.0
921,20240512,롯데,LG,사직,18914.0
922,20240512,KIA,SSG,광주,20500.0
923,20240512,KIA,SSG,광주,12743.0
924,20240512,NC,삼성,창원,16181.0
925,20240512,한화,키움,한밭,12000.0
926,20240514,KT,롯데,수원,10120.0
927,20240514,한화,NC,한밭,12000.0
928,20240514,KIA,두산,광주,18675.0
929,20240514,SSG,삼성,문학,16595.0
930,20240514,LG,키움,잠실,18479.0
931,20240515,한화,NC,한밭,12000.0
932,20240515,KIA,두산,광주,20500.0
933,20240516,KT,롯데,수원,8312.0
934,20240516,한화,NC,한밭,9522.0
935,20240516,KIA,두산,광주,15996.0
936,20240516,SSG,삼성,문학,13791.0
937,20240516,LG,키움,잠실,15054.0
938,20240517,삼성,한화,대구,24000.0
939,20240517,NC,KIA,창원,12280.0
940,20240517,KT,LG,수원,11374.0
941,20240517,두산,롯데,잠실,23750.0
942,20240517,키움,SSG,고척,9806.0
943,20240518,삼성,한화,대구,24000.0
944,20240518,NC,KIA,창원,17891.0
945,20240518,KT,LG,수원,18700.0
946,20240518,두산,롯데,잠실,23750.0
947,20240518,키움,SSG,고척,12133.0
948,20240519,삼성,한화,대구,24000.0
949,20240519,NC,KIA,창원,16253.0
950,20240519,KT,LG,수원,15912.0
951,20240519,두산,롯데,잠실,23750.0
952,20240519,키움,SSG,고척,10049.0
953,20240521,롯데,KIA,사직,14006.0
954,20240521,삼성,KT,대구,13360.0
955,20240521,한화,LG,한밭,9335.0
956,20240521,키움,NC,고척,3940.0
957,20240521,두산,SSG,잠실,13917.0
958,20240522,롯데,KIA,사직,14062.0
959,20240522,삼성,KT,대구,13232.0
960,20240522,한화,LG,한밭,9044.0
961,20240522,키움,NC,고척,4337.0
962,20240522,두산,SSG,잠실,12642.0
963,20240523,롯데,KIA,사직,15844.0
964,20240523,삼성,KT,대구,13291.0
965,20240523,한화,LG,한밭,10008.0
966,20240523,키움,NC,고척,3897.0
967,20240523,두산,SSG,잠실,12131.0
968,20240524,SSG,한화,문학,22451.0
969,20240524,LG,NC,잠실,18551.0
970,20240524,KIA,두산,광주,20500.0
971,20240524,롯데,삼성,사직,20577.0
972,20240524,KT,키움,수원,6867.0
973,20240525,SSG,한화,문학,23000.0
974,20240525,LG,NC,잠실,22261.0
975,20240525,KIA,두산,광주,20500.0
976,20240525,롯데,삼성,사직,22758.0
977,20240525,KT,키움,수원,12425.0
978,20240526,LG,NC,잠실,17692.0
979,20240526,KIA,두산,광주,20500.0
980,20240526,롯데,삼성,사직,22758.0
981,20240528,NC,KIA,창원,8024.0
982,20240528,두산,KT,잠실,8459.0
983,20240528,SSG,LG,문학,14116.0
984,20240528,한화,롯데,한밭,11168.0
985,20240528,삼성,키움,대구,10884.0
986,20240529,NC,KIA,창원,7994.0
987,20240529,두산,KT,잠실,8811.0
988,20240529,SSG,LG,문학,14413.0
989,20240529,한화,롯데,한밭,10807.0
990,20240529,삼성,키움,대구,15080.0
991,20240530,NC,KIA,창원,7349.0
992,20240530,두산,KT,잠실,7915.0
993,20240530,SSG,LG,문학,15902.0
994,20240530,한화,롯데,한밭,11405.0
995,20240530,삼성,키움,대구,12748.0
996,20240531,삼성,한화,대구,24000.0
997,20240531,KIA,KT,광주,20500.0
998,20240531,두산,LG,잠실,23750.0
999,20240531,롯데,NC,사직,17760.0
1000,20240531,키움,SSG,고척,5680.0
1001,20240601,삼성,한화,대구,24000.0
1002,20240601,KIA,KT,광주,20500.0
1003,20240601,두산,LG,잠실,23750.0
1004,20240601,롯데,NC,사직,22758.0
1005,20240601,키움,SSG,고척,10462.0
1006,20240602,삼성,한화,대구,24000.0
1007,20240602,KIA,KT,광주,20500.0
1008,20240602,두산,LG,잠실,23750.0
1009,20240602,롯데,NC,사직,21896.0
1010,20240602,키움,SSG,고척,8745.0
1011,20240604,KT,한화,수원,11426.0
1012,20240604,KIA,롯데,광주,16158.0
1013,20240604,NC,두산,창원,5448.0
1014,20240604,SSG,삼성,문학,10135.0
1015,20240604,LG,키움,잠실,14490.0
1016,20240605,KT,한화,수원,14626.0
1017,20240605,KIA,롯데,광주,19045.0
1018,20240605,NC,두산,창원,9892.0
1019,20240605,SSG,삼성,문학,14532.0
1020,20240605,LG,키움,잠실,16681.0
1021,20240606,KT,한화,수원,18700.0
1022,20240606,KIA,롯데,광주,20500.0
1023,20240606,NC,두산,창원,14517.0
1024,20240606,SSG,삼성,문학,23000.0
1025,20240606,LG,키움,잠실,23750.0
1026,20240607,두산,KIA,잠실,23750.0
1027,20240607,KT,LG,수원,13154.0
1028,20240607,한화,NC,한밭,12000.0
1029,20240607,롯데,SSG,사직,20678.0
1030,20240607,키움,삼성,고척,12636.0
1031,20240608,두산,KIA,잠실,23750.0
1032,20240608,KT,LG,수원,18700.0
1033,20240608,한화,NC,한밭,12000.0
1034,20240608,키움,삼성,고척,16000.0
1035,20240609,두산,KIA,잠실,23750.0
1036,20240609,KT,LG,수원,13642.0
1037,20240609,한화,NC,한밭,12000.0
1038,20240609,롯데,SSG,사직,13700.0
1039,20240609,롯데,SSG,사직,22758.0
1040,20240609,키움,삼성,고척,13509.0
1041,20240611,두산,한화,잠실,18475.0
1042,20240611,SSG,KIA,문학,16007.0
1043,20240611,NC,KT,창원,4279.0
1044,20240611,삼성,LG,대구,12436.0
1045,20240611,롯데,키움,사직,9948.0
1046,20240612,두산,한화,잠실,21630.0
1047,20240612,SSG,KIA,문학,16483.0
1048,20240612,NC,KT,창원,4123.0
1049,20240612,삼성,LG,대구,13511.0
1050,20240612,롯데,키움,사직,11390.0
1051,20240613,두산,한화,잠실,20253.0
1052,20240613,SSG,KIA,문학,18290.0
1053,20240613,NC,KT,창원,3764.0
1054,20240613,삼성,LG,대구,14485.0
1055,20240613,롯데,키움,사직,11941.0
1056,20240614,KT,KIA,수원,18420.0
1057,20240614,LG,롯데,잠실,23750.0
1058,20240614,키움,두산,고척,8680.0
1059,20240614,한화,SSG,한밭,12000.0
1060,20240614,NC,삼성,창원,12394.0
1061,20240615,KT,KIA,수원,18700.0
1062,20240615,LG,롯데,잠실,23750.0
1063,20240615,키움,두산,고척,13954.0
1064,20240615,한화,SSG,한밭,12000.0
1065,20240615,NC,삼성,창원,17891.0
1066,20240616,KT,KIA,수원,18700.0
1067,20240616,LG,롯데,잠실,23750.0
1068,20240616,키움,두산,고척,13184.0
1069,20240616,한화,SSG,한밭,12000.0
1070,20240616,NC,삼성,창원,12860.0
1071,20240618,KIA,LG,광주,18131.0
1072,20240618,KT,롯데,수원,8491.0
1073,20240618,두산,NC,잠실,9026.0
1074,20240618,삼성,SSG,대구,10426.0
1075,20240618,한화,키움,청주,9000.0
1076,20240619,KIA,LG,광주,15056.0
1077,20240619,KT,롯데,수원,9106.0
1078,20240619,두산,NC,잠실,11984.0
1079,20240619,삼성,SSG,대구,11488.0
1080,20240619,한화,키움,청주,9000.0
1081,20240620,KIA,LG,광주,14009.0
1082,20240620,KT,롯데,수원,10496.0
1083,20240620,두산,NC,잠실,10909.0
1084,20240620,삼성,SSG,대구,13024.0
1085,20240620,한화,키움,청주,9000.0
1086,20240621,KIA,한화,광주,20500.0
1087,20240621,LG,KT,잠실,15537.0
1088,20240621,키움,롯데,고척,11974.0
1089,20240621,SSG,NC,문학,13560.0
1090,20240621,삼성,두산,대구,24000.0
1091,20240622,키움,롯데,고척,16000.0
1092,20240622,SSG,NC,문학,19789.0
1093,20240623,KIA,한화,광주,19085.0
1094,20240623,KIA,한화,광주,18860.0
1095,20240623,LG,KT,잠실,11417.0
1096,20240623,LG,KT,잠실,15418.0
1097,20240623,키움,롯데,고척,16000.0
1098,20240623,SSG,NC,문학,17200.0
1099,20240623,삼성,두산,대구,20680.0
1100,20240623,삼성,두산,대구,24000.0
1101,20240625,롯데,KIA,사직,19110.0
1102,20240625,SSG,KT,문학,9629.0
1103,20240625,키움,NC,고척,5159.0
1104,20240625,한화,두산,한밭,11556.0
1105,20240625,LG,삼성,잠실,21989.0
1106,20240626,롯데,KIA,사직,19755.0
1107,20240626,SSG,KT,문학,10229.0
1108,20240626,키움,NC,고척,4698.0
1109,20240626,한화,두산,한밭,11564.0
1110,20240626,LG,삼성,잠실,23281.0
1111,20240627,롯데,KIA,사직,12867.0
1112,20240627,SSG,KT,문학,10684.0
1113,20240627,키움,NC,고척,4726.0
1114,20240627,한화,두산,한밭,11128.0
1115,20240627,LG,삼성,잠실,22114.0
1116,20240628,롯데,한화,사직,22758.0
1117,20240628,NC,LG,창원,13506.0
1118,20240628,두산,SSG,잠실,17367.0
1119,20240628,KT,삼성,수원,14678.0
1120,20240628,KIA,키움,광주,18601.0
1121,20240629,두산,SSG,잠실,20020.0
1122,20240630,NC,LG,창원,6991.0
1123,20240630,두산,SSG,잠실,13985.0
1124,20240630,KT,삼성,수원,8357.0
1125,20240630,KT,삼성,수원,12253.0
1126,20240702,삼성,KIA,대구,13230.0
1127,20240702,한화,KT,한밭,6794.0
1128,20240702,키움,LG,고척,10185.0
1129,20240703,삼성,KIA,대구,17472.0
1130,20240703,한화,KT,한밭,9009.0
1131,20240703,키움,LG,고척,11135.0
1132,20240703,두산,롯데,잠실,19727.0
1133,20240703,NC,SSG,창원,6384.0
1134,20240704,삼성,KIA,대구,17093.0
1135,20240704,한화,KT,한밭,8330.0
1136,20240704,키움,LG,고척,12819.0
1137,20240704,두산,롯데,잠실,19372.0
1138,20240704,NC,SSG,창원,6587.0
1139,20240709,키움,한화,고척,14981.0
1140,20240709,LG,KIA,잠실,22038.0
1141,20240709,SSG,롯데,문학,10051.0
1142,20240710,키움,한화,고척,15096.0
1143,20240710,LG,KIA,잠실,23750.0
1144,20240710,SSG,롯데,문학,14381.0
1145,20240710,삼성,NC,대구,12507.0
1146,20240710,KT,두산,수원,8079.0
1147,20240711,키움,한화,고척,15205.0
1148,20240711,LG,KIA,잠실,23750.0
1149,20240711,SSG,롯데,문학,15842.0
1150,20240711,삼성,NC,대구,15075.0
1151,20240711,KT,두산,수원,10182.0
1152,20240712,롯데,KT,사직,21545.0
1153,20240712,한화,LG,한밭,12000.0
1154,20240712,KIA,SSG,광주,17755.0
1155,20240712,두산,삼성,잠실,22279.0
1156,20240712,NC,키움,창원,8579.0
1157,20240713,롯데,KT,사직,22758.0
1158,20240713,한화,LG,한밭,12000.0
1159,20240713,KIA,SSG,광주,20500.0
1160,20240713,두산,삼성,잠실,23750.0
1161,20240713,NC,키움,창원,11282.0
1162,20240714,한화,LG,한밭,12000.0
1163,20240714,KIA,SSG,광주,15444.0
1164,20240714,두산,삼성,잠실,23750.0
1165,20240716,키움,KT,고척,5851.0
1166,20240716,롯데,두산,울산,7833.0
1167,20240717,NC,한화,창원,6870.0
1168,20240717,키움,KT,고척,5085.0
1169,20240717,롯데,두산,울산,9354.0
1170,20240717,LG,SSG,잠실,11773.0
1171,20240717,KIA,삼성,광주,13904.0
1172,20240718,NC,한화,창원,7550.0
1173,20240718,키움,KT,고척,5040.0
1174,20240718,롯데,두산,울산,9102.0
1175,20240718,KIA,삼성,광주,11429.0
1176,20240719,한화,KIA,한밭,12000.0
1177,20240719,삼성,롯데,대구,24000.0
1178,20240719,KT,NC,수원,7650.0
1179,20240719,LG,두산,잠실,23750.0
1180,20240719,SSG,키움,문학,12715.0
1181,20240720,한화,KIA,한밭,12000.0
1182,20240720,삼성,롯데,대구,24000.0
1183,20240721,한화,KIA,한밭,12000.0
1184,20240721,삼성,롯데,대구,24000.0
1185,20240721,KT,NC,수원,9188.0
1186,20240721,LG,두산,잠실,23211.0
1187,20240721,SSG,키움,문학,15369.0
1188,20240723,롯데,LG,사직,18416.0
1189,20240723,KIA,NC,광주,13756.0
1190,20240723,한화,삼성,한밭,11501.0
1191,20240723,두산,키움,잠실,7292.0
1192,20240724,KIA,NC,광주,13308.0
1193,20240724,KT,SSG,수원,6449.0
1194,20240724,한화,삼성,한밭,11882.0
1195,20240724,두산,키움,잠실,8887.0
1196,20240725,롯데,LG,사직,20322.0
1197,20240725,KIA,NC,광주,14130.0
1198,20240725,KT,SSG,수원,7067.0
1199,20240725,두산,키움,잠실,19145.0
1200,20240726,키움,KIA,고척,16000.0
1201,20240726,삼성,KT,대구,21891.0
1202,20240726,NC,롯데,창원,17891.0
1203,20240726,SSG,두산,문학,15006.0
1204,20240727,키움,KIA,고척,16000.0
1205,20240727,삼성,KT,대구,24000.0
1206,20240727,NC,롯데,창원,17891.0
1207,20240727,SSG,두산,문학,19448.0
1208,20240728,LG,한화,잠실,23750.0
1209,20240728,키움,KIA,고척,16000.0
1210,20240728,삼성,KT,대구,23104.0
1211,20240728,NC,롯데,창원,17891.0
1212,20240728,SSG,두산,문학,17619.0
1213,20240730,KT,한화,수원,14210.0
1214,20240730,SSG,롯데,문학,17550.0
1215,20240730,키움,NC,고척,6925.0
1216,20240730,KIA,두산,광주,20500.0
1217,20240730,LG,삼성,잠실,22946.0
1218,20240731,KT,한화,수원,14988.0
1219,20240731,SSG,롯데,문학,17563.0
1220,20240731,키움,NC,고척,6918.0
1221,20240731,KIA,두산,광주,18693.0
1222,20240731,LG,삼성,잠실,23409.0
1223,20240801,KT,한화,수원,15197.0
1224,20240801,SSG,롯데,문학,18828.0
1225,20240801,키움,NC,고척,7306.0
1226,20240801,KIA,두산,광주,20500.0
1227,20240801,LG,삼성,잠실,23315.0
1228,20240802,한화,KIA,한밭,12000.0
1229,20240802,NC,KT,창원,9845.0
1230,20240802,삼성,SSG,대구,22336.0
1231,20240802,두산,키움,잠실,13209.0
1232,20240803,한화,KIA,한밭,12000.0
1233,20240803,롯데,LG,울산,9914.0
1234,20240803,삼성,SSG,대구,24000.0
1235,20240803,두산,키움,잠실,15527.0
1236,20240804,NC,KT,창원,9568.0
1237,20240804,삼성,SSG,대구,20416.0
1238,20240806,삼성,한화,대구,16288.0
1239,20240806,KIA,KT,광주,14457.0
1240,20240806,두산,LG,잠실,17065.0
1241,20240806,롯데,NC,사직,17068.0
1242,20240806,키움,SSG,고척,8356.0
1243,20240807,삼성,한화,대구,17114.0
1244,20240807,KIA,KT,광주,11625.0
1245,20240807,두산,LG,잠실,15883.0
1246,20240807,롯데,NC,사직,18425.0
1247,20240807,키움,SSG,고척,7792.0
1248,20240808,삼성,한화,대구,18367.0
1249,20240808,KIA,KT,광주,11011.0
1250,20240808,두산,LG,잠실,16321.0
1251,20240808,키움,SSG,고척,8000.0
1252,20240809,KT,롯데,수원,11534.0
1253,20240809,LG,NC,잠실,14131.0
1254,20240809,SSG,두산,문학,12451.0
1255,20240809,KIA,삼성,광주,18448.0
1256,20240809,한화,키움,한밭,11302.0
1257,20240810,KT,롯데,수원,18700.0
1258,20240810,LG,NC,잠실,19151.0
1259,20240810,SSG,두산,문학,19796.0
1260,20240810,한화,키움,한밭,12000.0
1261,20240811,KT,롯데,수원,13805.0
1262,20240811,LG,NC,잠실,18902.0
1263,20240811,SSG,두산,문학,16151.0
1264,20240811,KIA,삼성,광주,20500.0
1265,20240811,한화,키움,한밭,12000.0
1266,20240813,키움,KIA,고척,16000.0
1267,20240813,삼성,KT,대구,15109.0
1268,20240813,한화,LG,한밭,11748.0
1269,20240813,NC,SSG,창원,5121.0
1270,20240814,키움,KIA,고척,16000.0
1271,20240814,삼성,KT,대구,20435.0
1272,20240814,한화,LG,한밭,11884.0
1273,20240814,두산,롯데,잠실,21337.0
1274,20240815,키움,KIA,고척,16000.0
1275,20240815,삼성,KT,대구,24000.0
1276,20240815,한화,LG,한밭,12000.0
1277,20240815,두산,롯데,잠실,23750.0
1278,20240815,NC,SSG,창원,10389.0
1279,20240816,SSG,한화,문학,21057.0
1280,20240816,LG,KIA,잠실,23750.0
1281,20240816,KT,두산,수원,11443.0
1282,20240816,NC,삼성,창원,10580.0
1283,20240816,롯데,키움,사직,21181.0
1284,20240817,SSG,한화,문학,23000.0
1285,20240817,LG,KIA,잠실,23750.0
1286,20240817,KT,두산,수원,16427.0
1287,20240817,NC,삼성,창원,17891.0
1288,20240817,롯데,키움,사직,22758.0
1289,20240818,SSG,한화,문학,22545.0
1290,20240818,LG,KIA,잠실,23750.0
1291,20240818,KT,두산,수원,12164.0
1292,20240818,NC,삼성,창원,12328.0
1293,20240818,롯데,키움,사직,20740.0
1294,20240820,한화,NC,청주,8429.0
1295,20240820,삼성,두산,포항,10064.0
1296,20240820,LG,SSG,잠실,12736.0
1297,20240820,KT,키움,수원,5858.0
1298,20240821,KIA,롯데,광주,12625.0
1299,20240821,한화,NC,청주,8102.0
1300,20240821,삼성,두산,포항,10268.0
1301,20240821,LG,SSG,잠실,12008.0
1302,20240821,KT,키움,수원,6288.0
1303,20240822,KIA,롯데,광주,12693.0
1304,20240822,LG,SSG,잠실,11917.0
1305,20240822,KT,키움,수원,6181.0
1306,20240823,두산,한화,잠실,23750.0
1307,20240823,NC,KIA,창원,13524.0
1308,20240823,SSG,KT,문학,10972.0
1309,20240823,키움,LG,고척,13852.0
1310,20240823,삼성,롯데,대구,24000.0
1311,20240824,두산,한화,잠실,23750.0
1312,20240824,NC,KIA,창원,16489.0
1313,20240824,SSG,KT,문학,17053.0
1314,20240824,키움,LG,고척,16000.0
1315,20240824,삼성,롯데,대구,24000.0
1316,20240825,두산,한화,잠실,23750.0
1317,20240825,NC,KIA,창원,11712.0
1318,20240825,SSG,KT,문학,16595.0
1319,20240825,키움,LG,고척,16000.0
1320,20240825,삼성,롯데,대구,24000.0
1321,20240827,롯데,한화,사직,18113.0
1322,20240827,LG,KT,잠실,12678.0
1323,20240827,NC,두산,창원,4814.0
1324,20240827,KIA,SSG,광주,13038.0
1325,20240827,키움,삼성,고척,14421.0
1326,20240828,롯데,한화,사직,22758.0
1327,20240828,LG,KT,잠실,13848.0
1328,20240828,NC,두산,창원,5869.0
1329,20240828,KIA,SSG,광주,13155.0
1330,20240828,키움,삼성,고척,13929.0
1331,20240829,롯데,한화,사직,19434.0
1332,20240829,LG,KT,잠실,13832.0
1333,20240829,NC,두산,창원,5985.0
1334,20240829,KIA,SSG,광주,12931.0
1335,20240829,키움,삼성,고척,14903.0
1336,20240830,KT,LG,수원,12128.0
1337,20240830,키움,롯데,고척,15073.0
1338,20240831,삼성,KIA,대구,24000.0
1339,20240831,한화,KT,한밭,12000.0
1340,20240831,두산,롯데,잠실,23750.0
1341,20240831,SSG,NC,문학,17039.0
1342,20240901,삼성,KIA,대구,24000.0
1343,20240901,두산,롯데,잠실,23750.0
1344,20240901,SSG,NC,문학,13039.0
1345,20240903,KIA,LG,광주,13089.0
1346,20240903,삼성,롯데,대구,24000.0
1347,20240903,한화,두산,한밭,12000.0
1348,20240903,NC,키움,창원,3394.0
1349,20240904,KIA,한화,광주,15328.0
1350,20240904,롯데,KT,사직,14041.0
1351,20240904,삼성,두산,대구,24000.0
1352,20240904,LG,SSG,잠실,13229.0
1353,20240904,NC,키움,창원,4956.0
1354,20240905,KIA,한화,광주,16083.0
1355,20240905,롯데,KT,사직,15864.0
1356,20240905,LG,SSG,잠실,12115.0
1357,20240905,NC,키움,창원,5214.0
1358,20240906,LG,한화,잠실,23750.0
1359,20240906,NC,KT,창원,5868.0
1360,20240906,롯데,삼성,사직,22464.0
1361,20240906,KIA,키움,광주,17103.0
1362,20240907,LG,한화,잠실,23750.0
1363,20240907,삼성,NC,대구,24000.0
1364,20240907,KT,두산,수원,18700.0
1365,20240907,롯데,SSG,사직,22758.0
1366,20240907,KIA,키움,광주,20500.0
1367,20240908,LG,한화,잠실,23750.0
1368,20240908,삼성,NC,대구,24000.0
1369,20240908,롯데,SSG,사직,18116.0
1370,20240908,KIA,키움,광주,20500.0
1371,20240910,SSG,한화,문학,19109.0
1372,20240910,LG,롯데,잠실,23750.0
1373,20240910,KT,NC,수원,6721.0
1374,20240910,키움,두산,고척,13822.0
1375,20240911,SSG,롯데,문학,16051.0
1376,20240911,KT,NC,수원,5815.0
1377,20240911,한화,삼성,한밭,11670.0
1378,20240911,LG,키움,잠실,13393.0
1379,20240912,KIA,롯데,광주,20500.0
1380,20240912,KT,NC,수원,5962.0
1381,20240912,한화,삼성,한밭,11719.0
1382,20240913,롯데,한화,사직,19675.0
1383,20240914,롯데,한화,사직,21514.0
1384,20240914,두산,KT,잠실,23750.0
1385,20240914,NC,LG,창원,15383.0
1386,20240914,SSG,삼성,문학,23000.0
1387,20240914,KIA,키움,광주,20500.0
1388,20240915,롯데,한화,사직,22758.0
1389,20240915,NC,LG,창원,10826.0
1390,20240915,SSG,삼성,문학,23000.0
1391,20240915,KIA,키움,광주,20500.0
1392,20240916,KT,KIA,수원,18700.0
1393,20240916,두산,키움,잠실,18894.0
1394,20240917,NC,한화,창원,9403.0
1395,20240917,SSG,KIA,문학,23000.0
1396,20240917,키움,KT,고척,11032.0
1397,20240917,롯데,LG,사직,18742.0
1398,20240917,두산,삼성,잠실,23750.0
1399,20240918,NC,한화,창원,9268.0
1400,20240918,롯데,LG,사직,21147.0
1401,20240918,KT,삼성,수원,18700.0
1402,20240919,NC,한화,창원,6010.0
1403,20240919,두산,KIA,잠실,23750.0
1404,20240919,롯데,LG,사직,16895.0
1405,20240919,KT,삼성,수원,12617.0
1406,20240919,SSG,키움,문학,14848.0
1407,20240921,LG,두산,잠실,23236.0
1408,20240921,LG,두산,잠실,23750.0
1409,20240921,KT,SSG,수원,15805.0
1410,20240922,한화,롯데,한밭,12000.0
1411,20240922,LG,두산,잠실,23750.0
1412,20240922,KT,SSG,수원,15049.0
1413,20240922,삼성,키움,대구,24000.0
1414,20240923,한화,롯데,한밭,10407.0
1415,20240923,두산,SSG,잠실,22489.0
1416,20240923,KIA,삼성,광주,20500.0
1417,20240924,키움,한화,고척,16000.0
1418,20240924,SSG,LG,문학,19911.0
1419,20240924,KT,롯데,수원,13304.0
1420,20240924,두산,NC,잠실,22064.0
1421,20240924,KIA,삼성,광주,20500.0
1422,20240925,LG,한화,잠실,23750.0
1423,20240925,KIA,롯데,광주,20500.0
1424,20240925,NC,SSG,창원,6157.0
1425,20240925,삼성,키움,대구,24000.0
1426,20240926,롯데,두산,사직,18727.0
1427,20240926,NC,SSG,창원,6377.0
1428,20240926,LG,키움,잠실,21593.0
1429,20240927,한화,KIA,한밭,12000.0
1430,20240927,롯데,NC,사직,22758.0
1431,20240927,KT,키움,수원,12824.0
1432,20240928,롯데,KIA,사직,22758.0
1433,20240928,삼성,LG,대구,24000.0
1434,20240928,NC,두산,창원,17891.0
1435,20240928,한화,SSG,한밭,12000.0
1436,20240928,KT,키움,수원,18700.0
1437,20240929,한화,NC,한밭,12000.0
1438,20240930,KIA,NC,광주,20500.0
1439,20240930,SSG,키움,문학,23000.0
1440,20241001,NC,롯데,창원,17891.0
1441,20250322,KT,한화,수원,18700.0
1442,20250322,LG,롯데,잠실,23750.0
1443,20250322,KIA,NC,광주,20500.0
1444,20250322,SSG,두산,문학,23000.0
1445,20250322,삼성,키움,대구,24000.0
1446,20250323,KT,한화,수원,18700.0
1447,20250323,LG,롯데,잠실,23750.0
1448,20250323,KIA,NC,광주,20500.0
1449,20250323,SSG,두산,문학,23000.0
1450,20250323,삼성,키움,대구,24000.0
1451,20250325,LG,한화,잠실,23750.0
1452,20250325,SSG,롯데,문학,13860.0
1453,20250325,삼성,NC,대구,21024.0
1454,20250325,KT,두산,수원,8141.0
1455,20250325,KIA,키움,광주,15053.0
1456,20250326,LG,한화,잠실,23750.0
1457,20250326,SSG,롯데,문학,14855.0
1458,20250326,삼성,NC,대구,24000.0
1459,20250326,KT,두산,수원,9607.0
1460,20250326,KIA,키움,광주,17780.0
1461,20250327,LG,한화,잠실,23750.0
1462,20250327,SSG,롯데,문학,14155.0
1463,20250327,삼성,NC,대구,20781.0
1464,20250327,KT,두산,수원,9024.0
1465,20250327,KIA,키움,광주,12288.0
1466,20250328,한화,KIA,대전,17000.0
1467,20250328,롯데,KT,사직,22665.0
1468,20250328,NC,LG,창원,15510.0
1469,20250328,키움,SSG,고척,11002.0
1470,20250328,두산,삼성,잠실,23750.0
1471,20250329,한화,KIA,대전,17000.0
1472,20250329,롯데,KT,사직,22665.0
1473,20250329,NC,LG,창원,17943.0
1474,20250329,키움,SSG,고척,13785.0
1475,20250329,두산,삼성,잠실,23750.0
1476,20250330,한화,KIA,대전,17000.0
1477,20250330,롯데,KT,사직,22665.0
1478,20250330,키움,SSG,고척,13081.0
1479,20250330,두산,삼성,잠실,23750.0
1480,20250402,KT,LG,수원,7829.0
1481,20250402,한화,롯데,대전,16252.0
1482,20250402,KIA,삼성,광주,12172.0
1483,20250402,두산,키움,잠실,8336.0
1484,20250403,KT,LG,수원,8627.0
1485,20250403,한화,롯데,대전,16559.0
1486,20250403,KIA,삼성,광주,12826.0
1487,20250403,두산,키움,잠실,9131.0
1488,20250404,삼성,한화,대구,24000.0
1489,20250404,LG,KIA,잠실,23750.0
1490,20250404,SSG,KT,문학,13323.0
1491,20250404,키움,NC,고척,5161.0
1492,20250404,롯데,두산,사직,17293.0
1493,20250405,삼성,한화,대구,24000.0
1494,20250405,키움,NC,고척,8895.0
1495,20250405,롯데,두산,사직,21807.0
1496,20250406,삼성,한화,대구,24000.0
1497,20250406,LG,KIA,잠실,23750.0
1498,20250406,SSG,KT,문학,18679.0
1499,20250406,키움,NC,고척,7041.0
1500,20250406,롯데,두산,사직,22665.0
1501,20250408,두산,한화,잠실,20986.0
1502,20250408,롯데,KIA,사직,14038.0
1503,20250408,키움,LG,고척,10452.0
1504,20250408,KT,NC,수원,5233.0
1505,20250408,삼성,SSG,대구,19327.0
1506,20250409,두산,한화,잠실,19300.0
1507,20250409,롯데,KIA,사직,13551.0
1508,20250409,키움,LG,고척,9967.0
1509,20250409,KT,NC,수원,3667.0
1510,20250409,삼성,SSG,대구,20632.0
1511,20250410,두산,한화,잠실,21561.0
1512,20250410,롯데,KIA,사직,13726.0
1513,20250410,키움,LG,고척,10627.0
1514,20250410,KT,NC,수원,5086.0
1515,20250410,삼성,SSG,대구,21291.0
1516,20250411,NC,롯데,사직,13728.0
1517,20250411,LG,두산,잠실,23750.0
1518,20250411,KIA,SSG,광주,20500.0
1519,20250411,KT,삼성,수원,17416.0
1520,20250411,한화,키움,대전,17000.0
1521,20250412,NC,롯데,사직,15222.0
1522,20250412,LG,두산,잠실,22938.0
1523,20250412,한화,키움,대전,15457.0
1524,20250413,NC,롯데,사직,21003.0
1525,20250413,LG,두산,잠실,23750.0
1526,20250413,KIA,SSG,광주,20500.0
1527,20250413,KT,삼성,수원,18700.0
1528,20250413,한화,키움,대전,17000.0
1529,20250415,SSG,한화,문학,15618.0
1530,20250415,KIA,KT,광주,10979.0
1531,20250415,LG,삼성,잠실,23750.0
1532,20250415,롯데,키움,사직,9714.0
1533,20250416,SSG,한화,문학,16785.0
1534,20250416,KIA,KT,광주,12423.0
1535,20250416,LG,삼성,잠실,23750.0
1536,20250416,롯데,키움,사직,11679.0
1537,20250417,SSG,한화,문학,18098.0
1538,20250417,KIA,KT,광주,12104.0
1539,20250417,LG,삼성,잠실,23750.0
1540,20250417,롯데,키움,사직,11812.0
1541,20250418,두산,KIA,잠실,23750.0
1542,20250418,키움,KT,고척,4666.0
1543,20250418,SSG,LG,문학,18091.0
1544,20250418,삼성,롯데,대구,24000.0
1545,20250418,한화,NC,대전,17000.0
1546,20250419,두산,KIA,잠실,23750.0
1547,20250419,키움,KT,고척,8281.0
1548,20250419,SSG,LG,문학,18727.0
1549,20250419,삼성,롯데,대구,24000.0
1550,20250419,한화,NC,대전,17000.0
1551,20250420,두산,KIA,잠실,23750.0
1552,20250420,키움,KT,고척,6859.0
1553,20250420,SSG,LG,문학,23000.0
1554,20250420,삼성,롯데,대구,24000.0
1555,20250420,한화,NC,대전,17000.0
1556,20250422,LG,NC,잠실,12941.0
1557,20250422,키움,두산,고척,6809.0
1558,20250422,KT,SSG,수원,5497.0
1559,20250423,롯데,한화,사직,19376.0
1560,20250423,삼성,KIA,대구,22257.0
1561,20250423,LG,NC,잠실,17828.0
1562,20250423,키움,두산,고척,6801.0
1563,20250423,KT,SSG,수원,7581.0
1564,20250424,롯데,한화,사직,22669.0
1565,20250424,삼성,KIA,대구,24000.0
1566,20250424,LG,NC,잠실,19325.0
1567,20250424,키움,두산,고척,7690.0
1568,20250424,KT,SSG,수원,7815.0
1569,20250425,한화,KT,대전,17000.0
1570,20250425,KIA,LG,광주,20500.0
1571,20250425,두산,롯데,잠실,23750.0
1572,20250425,삼성,NC,대구,24000.0
1573,20250425,SSG,키움,문학,12140.0
1574,20250426,한화,KT,대전,17000.0
1575,20250426,KIA,LG,광주,20500.0
1576,20250426,두산,롯데,잠실,23750.0
1577,20250426,삼성,NC,대구,24000.0
1578,20250426,SSG,키움,문학,18641.0
1579,20250427,한화,KT,대전,17000.0
1580,20250427,KIA,LG,광주,20500.0
1581,20250427,두산,롯데,잠실,23750.0
1582,20250427,삼성,NC,대구,24000.0
1583,20250427,SSG,키움,문학,16422.0
1584,20250429,두산,KT,잠실,14138.0
1585,20250429,한화,LG,대전,17000.0
1586,20250429,키움,롯데,고척,13203.0
1587,20250429,KIA,NC,광주,10575.0
1588,20250429,SSG,삼성,문학,15481.0
1589,20250430,두산,KT,잠실,17158.0
1590,20250430,한화,LG,대전,17000.0
1591,20250430,키움,롯데,고척,14367.0
1592,20250430,KIA,NC,광주,15139.0
1593,20250430,SSG,삼성,문학,18998.0
1594,20250501,두산,KT,잠실,19883.0
1595,20250501,키움,롯데,고척,16000.0
1596,20250501,SSG,삼성,문학,22993.0
1597,20250502,KIA,한화,광주,20500.0
1598,20250502,롯데,NC,사직,22669.0
1599,20250502,삼성,두산,대구,24000.0
1600,20250502,LG,SSG,잠실,23750.0
1601,20250502,KT,키움,수원,12275.0
1602,20250503,롯데,NC,사직,22669.0
1603,20250503,삼성,두산,대구,24000.0
1604,20250503,LG,SSG,잠실,23750.0
1605,20250503,KT,키움,수원,15210.0
1606,20250504,KIA,한화,광주,20500.0
1607,20250504,롯데,NC,사직,22669.0
1608,20250504,삼성,두산,대구,24000.0
1609,20250504,LG,SSG,잠실,23750.0
1610,20250504,KT,키움,수원,15160.0
1611,20250505,키움,KIA,고척,16000.0
1612,20250505,두산,LG,잠실,23750.0
1613,20250505,KT,NC,수원,12015.0
1614,20250505,롯데,SSG,사직,22669.0
1615,20250505,한화,삼성,대전,17000.0
1616,20250506,키움,KIA,고척,16000.0
1617,20250506,두산,LG,잠실,23750.0
1618,20250506,KT,NC,수원,9743.0
1619,20250506,롯데,SSG,사직,22669.0
1620,20250506,한화,삼성,대전,17000.0
1621,20250507,키움,KIA,고척,16000.0
1622,20250507,두산,LG,잠실,23750.0
1623,20250507,KT,NC,수원,3598.0
1624,20250507,롯데,SSG,사직,22669.0
1625,20250507,한화,삼성,대전,17000.0
1626,20250509,키움,한화,고척,16000.0
1627,20250510,키움,한화,고척,16000.0
1628,20250510,SSG,KIA,문학,23000.0
1629,20250510,삼성,LG,대구,24000.0
1630,20250510,삼성,LG,대구,24000.0
1631,20250510,KT,롯데,수원,18700.0
1632,20250510,두산,NC,잠실,20206.0
1633,20250511,키움,한화,고척,16000.0
1634,20250511,SSG,KIA,문학,23000.0
1635,20250511,SSG,KIA,문학,23000.0
1636,20250511,삼성,LG,대구,24000.0
1637,20250511,KT,롯데,수원,18700.0
1638,20250511,KT,롯데,수원,14470.0
1639,20250511,두산,NC,잠실,19366.0
1640,20250511,두산,NC,잠실,9172.0
1641,20250513,삼성,KT,포항,10758.0
1642,20250513,KIA,롯데,광주,16824.0
1643,20250513,SSG,NC,문학,12746.0
1644,20250513,한화,두산,대전,17000.0
1645,20250513,LG,키움,잠실,18080.0
1646,20250514,삼성,KT,포항,12120.0
1647,20250514,KIA,롯데,광주,18641.0
1648,20250514,SSG,NC,문학,11409.0
1649,20250514,한화,두산,대전,17000.0
1650,20250514,LG,키움,잠실,18286.0
1651,20250515,삼성,KT,포항,12120.0
1652,20250515,KIA,롯데,광주,17452.0
1653,20250515,SSG,NC,문학,10081.0
1654,20250515,한화,두산,대전,17000.0
1655,20250515,LG,키움,잠실,18119.0
1656,20250517,LG,KT,잠실,22963.0
1657,20250517,LG,KT,잠실,17811.0
1658,20250517,KIA,두산,광주,16854.0
1659,20250517,KIA,두산,광주,20500.0
1660,20250517,한화,SSG,대전,17000.0
1661,20250517,한화,SSG,대전,17000.0
1662,20250517,롯데,삼성,사직,22669.0
1663,20250517,롯데,삼성,사직,22669.0
1664,20250517,NC,키움,울산,2297.0
1665,20250517,NC,키움,울산,5513.0
1666,20250518,LG,KT,잠실,23029.0
1667,20250518,KIA,두산,광주,20500.0
1668,20250518,한화,SSG,대전,17000.0
1669,20250518,롯데,삼성,사직,22669.0
1670,20250518,NC,키움,울산,6456.0
1671,20250520,NC,한화,울산,4497.0
1672,20250520,KT,KIA,수원,16064.0
1673,20250520,롯데,LG,사직,22669.0
1674,20250520,두산,SSG,잠실,17782.0
1675,20250520,키움,삼성,고척,13106.0
1676,20250521,NC,한화,울산,4183.0
1677,20250521,KT,KIA,수원,16302.0
1678,20250521,롯데,LG,사직,22669.0
1679,20250521,두산,SSG,잠실,14052.0
1680,20250521,키움,삼성,고척,13193.0
1681,20250522,NC,한화,울산,5005.0
1682,20250522,KT,KIA,수원,16705.0
1683,20250522,롯데,LG,사직,22669.0
1684,20250522,두산,SSG,잠실,14592.0
1685,20250522,키움,삼성,고척,12926.0
1686,20250523,삼성,KIA,대구,24000.0
1687,20250523,키움,KT,고척,4239.0
1688,20250523,SSG,LG,문학,20150.0
1689,20250523,한화,롯데,대전,17000.0
1690,20250523,두산,NC,잠실,17944.0
1691,20250524,삼성,KIA,대구,24000.0
1692,20250524,키움,KT,고척,7315.0
1693,20250524,SSG,LG,문학,23000.0
1694,20250524,한화,롯데,대전,17000.0
1695,20250524,두산,NC,잠실,22279.0
1696,20250525,삼성,KIA,대구,24000.0
1697,20250525,키움,KT,고척,6809.0
1698,20250525,SSG,LG,문학,23000.0
1699,20250525,한화,롯데,대전,17000.0
1700,20250525,두산,NC,잠실,20534.0
1701,20250527,LG,한화,잠실,23750.0
1702,20250527,삼성,롯데,대구,24000.0
1703,20250527,SSG,NC,문학,12124.0
1704,20250527,KT,두산,수원,8355.0
1705,20250527,KIA,키움,광주,15351.0
1706,20250528,LG,한화,잠실,23750.0
1707,20250528,SSG,NC,문학,12747.0
1708,20250528,KT,두산,수원,8822.0
1709,20250528,KIA,키움,광주,16517.0
1710,20250529,LG,한화,잠실,23750.0
1711,20250529,삼성,롯데,대구,24000.0
1712,20250529,SSG,NC,문학,13466.0
1713,20250529,KT,두산,수원,9238.0
1714,20250529,KIA,키움,광주,18127.0
1715,20250530,NC,한화,창원,12395.0
1716,20250530,KT,KIA,수원,18700.0
1717,20250530,키움,두산,고척,9182.0
1718,20250530,롯데,SSG,사직,22669.0
1719,20250530,LG,삼성,잠실,23750.0
1720,20250531,NC,한화,창원,16741.0
1721,20250531,KT,KIA,수원,18700.0
1722,20250531,키움,두산,고척,13456.0
1723,20250531,롯데,SSG,사직,22669.0
1724,20250531,LG,삼성,잠실,23750.0
1725,20250601,NC,한화,창원,14906.0
1726,20250601,KT,KIA,수원,18700.0
1727,20250601,키움,두산,고척,12350.0
1728,20250601,롯데,SSG,사직,22669.0
1729,20250601,LG,삼성,잠실,23750.0
1730,20250603,두산,KIA,잠실,23750.0
1731,20250603,한화,KT,대전,17000.0
1732,20250603,NC,LG,창원,13937.0
1733,20250603,SSG,삼성,문학,23000.0
1734,20250603,롯데,키움,사직,22669.0
1735,20250604,두산,KIA,잠실,23750.0
1736,20250604,한화,KT,대전,17000.0
1737,20250604,NC,LG,창원,5235.0
1738,20250604,SSG,삼성,문학,15706.0
1739,20250604,롯데,키움,사직,22669.0
1740,20250605,두산,KIA,잠실,23750.0
1741,20250605,한화,KT,대전,17000.0
1742,20250605,NC,LG,창원,8957.0
1743,20250605,SSG,삼성,문학,19273.0
1744,20250605,롯데,키움,사직,22669.0
1745,20250606,KIA,한화,광주,20500.0
1746,20250606,키움,LG,고척,16000.0
1747,20250606,두산,롯데,잠실,23750.0
1748,20250606,삼성,NC,대구,24000.0
1749,20250606,KT,SSG,수원,18700.0
1750,20250607,KIA,한화,광주,20500.0
1751,20250607,키움,LG,고척,16000.0
1752,20250607,두산,롯데,잠실,23750.0
1753,20250607,삼성,NC,대구,24000.0
1754,20250607,KT,SSG,수원,16755.0
1755,20250608,KIA,한화,광주,18586.0
1756,20250608,키움,LG,고척,16000.0
1757,20250608,두산,롯데,잠실,23750.0
1758,20250608,삼성,NC,대구,24000.0
1759,20250608,KT,SSG,수원,13026.0
1760,20250610,KT,롯데,수원,10809.0
1761,20250610,키움,NC,고척,4004.0
1762,20250610,한화,두산,대전,16691.0
1763,20250610,LG,SSG,잠실,17221.0
1764,20250610,KIA,삼성,광주,15887.0
1765,20250611,KT,롯데,수원,11777.0
1766,20250611,키움,NC,고척,4034.0
1767,20250611,한화,두산,대전,17000.0
1768,20250611,LG,SSG,잠실,18192.0
1769,20250611,KIA,삼성,광주,17320.0
1770,20250612,KT,롯데,수원,12378.0
1771,20250612,키움,NC,고척,4410.0
1772,20250612,한화,두산,대전,17000.0
1773,20250612,LG,SSG,잠실,18321.0
1774,20250612,KIA,삼성,광주,16761.0
1775,20250613,NC,KIA,창원,8362.0
1776,20250614,NC,KIA,창원,15000.0
1777,20250614,삼성,KT,대구,24000.0
1778,20250614,한화,LG,대전,17000.0
1779,20250614,SSG,롯데,문학,23000.0
1780,20250614,두산,키움,잠실,18390.0
1781,20250615,NC,KIA,창원,12470.0
1782,20250615,삼성,KT,대구,24000.0
1783,20250615,한화,LG,대전,17000.0
1784,20250615,SSG,롯데,문학,20960.0
1785,20250615,두산,키움,잠실,11744.0
1786,20250617,롯데,한화,사직,22669.0
1787,20250617,KIA,KT,광주,10596.0
1788,20250617,LG,NC,잠실,15069.0
1789,20250617,삼성,두산,대구,23044.0
1790,20250617,키움,SSG,고척,6205.0
1791,20250618,롯데,한화,사직,22669.0
1792,20250618,KIA,KT,광주,16311.0
1793,20250618,LG,NC,잠실,16103.0
1794,20250618,삼성,두산,대구,23385.0
1795,20250618,키움,SSG,고척,6941.0
1796,20250619,롯데,한화,사직,22669.0
1797,20250619,KIA,KT,광주,14079.0
1798,20250619,LG,NC,잠실,15636.0
1799,20250619,삼성,두산,대구,23355.0
1800,20250619,키움,SSG,고척,7032.0
1801,20250620,롯데,삼성,사직,21911.0
1802,20250621,SSG,KIA,문학,23000.0
1803,20250621,KT,NC,수원,13680.0
1804,20250621,LG,두산,잠실,23750.0
1805,20250622,SSG,KIA,문학,23000.0
1806,20250622,KT,NC,수원,12059.0
1807,20250622,LG,두산,잠실,23750.0
1808,20250622,롯데,삼성,사직,22669.0
1809,20250622,한화,키움,대전,17000.0
1810,20250624,키움,KIA,고척,16000.0
1811,20250624,KT,LG,수원,9335.0
1812,20250624,두산,SSG,잠실,12141.0
1813,20250625,삼성,한화,대구,24000.0
1814,20250625,키움,KIA,고척,16000.0
1815,20250625,NC,롯데,창원,15587.0
1816,20250626,삼성,한화,대구,24000.0
1817,20250626,키움,KIA,고척,16000.0
1818,20250626,KT,LG,수원,13365.0
1819,20250626,NC,롯데,창원,16335.0
1820,20250626,두산,SSG,잠실,13553.0
1821,20250627,SSG,한화,문학,23000.0
1822,20250627,LG,KIA,잠실,23750.0
1823,20250627,롯데,KT,사직,22669.0
1824,20250627,NC,두산,창원,8025.0
1825,20250627,키움,삼성,고척,16000.0
1826,20250628,SSG,한화,문학,23183.0
1827,20250628,LG,KIA,잠실,23750.0
1828,20250628,롯데,KT,사직,22669.0
1829,20250628,NC,두산,창원,12961.0
1830,20250628,키움,삼성,고척,16000.0
1831,20250629,SSG,한화,문학,23000.0
1832,20250629,LG,KIA,잠실,23750.0
1833,20250629,롯데,KT,사직,22669.0
1834,20250629,NC,두산,창원,9894.0
1835,20250629,키움,삼성,고척,16000.0
1836,20250701,롯데,LG,사직,19627.0
1837,20250701,한화,NC,대전,17000.0
1838,20250701,KIA,SSG,광주,11782.0
1839,20250701,두산,삼성,잠실,18022.0
1840,20250701,KT,키움,수원,5616.0
1841,20250702,롯데,LG,사직,20661.0
1842,20250702,한화,NC,대전,17000.0
1843,20250702,KIA,SSG,광주,11827.0
1844,20250702,두산,삼성,잠실,20448.0
1845,20250702,KT,키움,수원,6787.0
1846,20250703,롯데,LG,사직,21914.0
1847,20250703,한화,NC,대전,17000.0
1848,20250703,KIA,SSG,광주,13013.0
1849,20250703,두산,삼성,잠실,21525.0
1850,20250703,KT,키움,수원,8540.0
1851,20250704,키움,한화,고척,16000.0
1852,20250704,두산,KT,잠실,16101.0
1853,20250704,삼성,LG,대구,24000.0
1854,20250704,KIA,롯데,광주,20500.0
1855,20250704,NC,SSG,창원,11147.0
1856,20250705,키움,한화,고척,16000.0
1857,20250705,두산,KT,잠실,19774.0
1858,20250705,삼성,LG,대구,24000.0
1859,20250705,KIA,롯데,광주,20500.0
1860,20250705,NC,SSG,창원,12028.0
1861,20250706,키움,한화,고척,16000.0
1862,20250706,두산,KT,잠실,23750.0
1863,20250706,삼성,LG,대구,24000.0
1864,20250706,KIA,롯데,광주,20500.0
1865,20250706,NC,SSG,창원,7726.0
1866,20250708,한화,KIA,대전,17000.0
1867,20250708,SSG,KT,문학,10812.0
1868,20250708,롯데,두산,사직,18541.0
1869,20250708,NC,삼성,창원,8294.0
1870,20250708,LG,키움,잠실,16098.0
1871,20250709,한화,KIA,대전,17000.0
1872,20250709,SSG,KT,문학,10259.0
1873,20250709,롯데,두산,사직,19071.0
1874,20250709,NC,삼성,창원,9220.0
1875,20250709,LG,키움,잠실,16400.0
1876,20250710,한화,KIA,대전,17000.0
1877,20250710,SSG,KT,문학,10817.0
1878,20250710,롯데,두산,사직,21199.0
1879,20250710,NC,삼성,창원,10106.0
1880,20250710,LG,키움,잠실,16628.0
1881,20250718,KT,한화,수원,18700.0
1882,20250718,LG,롯데,잠실,23750.0
1883,20250719,KT,한화,수원,18700.0
1884,20250719,LG,롯데,잠실,23750.0
1885,20250719,SSG,두산,문학,19877.0
1886,20250720,KT,한화,수원,18700.0
1887,20250720,LG,롯데,잠실,23750.0
1888,20250720,KIA,NC,광주,16985.0
1889,20250720,SSG,두산,문학,18102.0
1890,20250720,삼성,키움,대구,24000.0
