"MATCH_SEQ_NO","LEA_NM","MATCH_DE","HOME_TEAM_NM","AWAY_TEAM_NM","STDM_NM","SPORTS_VIEWNG_NMPR_CO"
1,K리그1,"20230408",서울,대구,서울 월드컵,45007.00000
2,K리그1,"20230505",서울,전북,서울 월드컵,37008.00000
3,K리그1,"20231125",서울,수원,서울 월드컵,36007.00000
4,K리그1,"20231008",서울,전북,서울 월드컵,33103.00000
5,K리그1,"20230819",울산,전북,울산 문수,30756.00000
6,K리그1,"20230422",서울,수원,서울 월드컵,30186.00000
7,K리그1,"20231203",울산,전북,울산 문수,28638.00000
8,K리그1,"20230225",울산,전북,울산 문수,28039.00000
9,K리그1,"20230603",전북,울산,전주 월드컵,27797.00000
10,K리그1,"20230827",서울,울산,서울 월드컵,27051.00000
11,K리그1,"20230514",울산,서울,울산 문수,26004.00000
12,K리그1,"20231202",수원,강원,수원 월드컵,24932.00000
13,K리그1,"20230902",수원,서울,수원 월드컵,22882.00000
14,K리그1,"20230701",서울,대전,서울 월드컵,22637.00000
15,K리그1,"20230225",서울,인천,서울 월드컵,22204.00000
16,K리그1,"20230708",전북,서울,전주 월드컵,21139.00000
17,K리그1,"20230712",대전,전북,대전 월드컵,20592.00000
18,K리그1,"20230312",서울,울산,서울 월드컵,20549.00000
19,K리그1,"20230520",서울,제주,서울 월드컵,20338.00000
20,K리그1,"20230610",울산,제주,울산 문수,20190.00000
21,K리그1,"20230917",서울,광주,서울 월드컵,20165.00000
22,K리그1,"20230624",울산,대구,울산 문수,20070.00000
23,K리그1,"20230305",전북,수원,전주 월드컵,19660.00000
24,K리그1,"20230624",수원,서울,수원 월드컵,19513.00000
25,K리그1,"20231029",울산,대구,울산 문수,18933.00000
26,K리그1,"20230226",대전,강원,대전 월드컵,18590.00000
27,K리그1,"20230903",울산,광주,울산 문수,18358.00000
28,K리그1,"20230722",서울,인천,서울 월드컵,18150.00000
29,K리그1,"20230611",서울,포항,서울 월드컵,18108.00000
30,K리그1,"20230819",서울,대구,서울 월드컵,17800.00000
31,K리그1,"20231008",울산,인천,울산 문수,17584.00000
32,K리그1,"20230805",수원,수원FC,수원 월드컵,17481.00000
33,K리그1,"20230528",울산,대전,울산 문수,17251.00000
34,K리그1,"20230916",울산,대전,울산 문수,17237.00000
35,K리그1,"20231112",울산,포항,울산 문수,16946.00000
36,K리그1,"20230422",울산,포항,울산 문수,16761.00000
37,K리그1,"20230416",대전,울산,대전 월드컵,16359.00000
38,K리그1,"20231008",대전,제주,대전 월드컵,15818.00000
39,K리그1,"20230401",대전,서울,대전 월드컵,15793.00000
40,K리그1,"20230514",인천,전북,인천 전용,15738.00000
41,K리그1,"20230319",울산,수원FC,울산 문수,15230.00000
42,K리그1,"20230408",울산,수원,울산 문수,15181.00000
43,K리그1,"20230930",인천,수원,인천 전용,15040.00000
44,K리그1,"20230804",서울,포항,서울 월드컵,15016.00000
45,K리그1,"20230930",전북,대구,전주 월드컵,14963.00000
46,K리그1,"20230923",대전,수원,대전 월드컵,14810.00000
47,K리그1,"20230930",포항,울산,포항 스틸야드,14640.00000
48,K리그1,"20230708",포항,울산,포항 스틸야드,14486.00000
49,K리그1,"20230528",서울,강원,서울 월드컵,14419.00000
50,K리그1,"20230529",포항,전북,포항 스틸야드,14377.00000
51,K리그1,"20230520",대전,대구,대전 월드컵,14275.00000
52,K리그1,"20230812",전북,수원,전주 월드컵,14216.00000
53,K리그1,"20230226",포항,대구,포항 스틸야드,14089.00000
54,K리그1,"20230604",대전,인천,대전 월드컵,13779.00000
55,K리그1,"20230430",대전,제주,대전 월드컵,13777.00000
56,K리그1,"20230709",대전,수원,대전 월드컵,13685.00000
57,K리그1,"20230521",전북,수원FC,전주 월드컵,13634.00000
58,K리그2,"20231029",부산,부천,부산 아시아드,13340.00000
59,K리그1,"20230813",대전,서울,대전 월드컵,13290.00000
60,K리그1,"20230603",수원,수원FC,수원 월드컵,13104.00000
61,K리그1,"20230721",울산,제주,울산 문수,13073.00000
62,K리그1,"20230401",전북,포항,전주 월드컵,12767.00000
63,K리그1,"20230521",수원,울산,수원 월드컵,12639.00000
64,K리그1,"20231203",대구,인천,대구iM뱅크PARK,12334.00000
65,K리그1,"20231028",전북,포항,전주 월드컵,12266.00000
66,K리그1,"20230319",대구,전북,대구iM뱅크PARK,12253.00000
67,K리그1,"20231111",대구,광주,대구iM뱅크PARK,12222.00000
68,K리그1,"20231021",대구,전북,대구iM뱅크PARK,12211.00000
69,K리그1,"20230701",전북,제주,전주 월드컵,12175.00000
70,K리그1,"20230701",대구,수원,대구iM뱅크PARK,12175.00000
71,K리그1,"20230826",대구,제주,대구iM뱅크PARK,12136.00000
72,K리그1,"20230902",인천,포항,인천 전용,12134.00000
73,K리그1,"20230430",울산,광주,울산 문수,12068.00000
74,K리그1,"20230604",대구,서울,대구iM뱅크PARK,12056.00000
75,K리그1,"20230505",대구,울산,대구iM뱅크PARK,11929.00000
76,K리그1,"20230805",대구,울산,대구iM뱅크PARK,11928.00000
77,K리그1,"20231112",인천,전북,인천 전용,11912.00000
78,K리그1,"20230924",대구,포항,대구iM뱅크PARK,11858.00000
79,K리그1,"20231008",수원,포항,수원 월드컵,11772.00000
80,K리그1,"20230527",대구,인천,대구iM뱅크PARK,11706.00000
81,K리그1,"20231029",수원,대전,수원 월드컵,11658.00000
82,K리그1,"20231022",서울,강원,서울 월드컵,11638.00000
83,K리그1,"20230610",대구,수원FC,대구iM뱅크PARK,11457.00000
84,K리그1,"20231125",전북,광주,전주 월드컵,11369.00000
85,K리그1,"20230825",전북,대전,전주 월드컵,11224.00000
86,K리그1,"20230722",강원,수원,강릉하이원아레나,11084.00000
87,K리그1,"20230917",수원,대구,수원 월드컵,11048.00000
88,K리그1,"20230716",전북,수원FC,전주 월드컵,10905.00000
89,K리그1,"20230304",대구,제주,대구iM뱅크PARK,10851.00000
90,K리그1,"20231008",대구,수원FC,대구iM뱅크PARK,10776.00000
91,K리그1,"20230916",전북,강원,전주 월드컵,10620.00000
92,K리그1,"20230819",강원,수원FC,강릉하이원아레나,10503.00000
93,K리그1,"20230722",대전,대구,대전 월드컵,10473.00000
94,K리그1,"20230319",수원,대전,수원 월드컵,10442.00000
95,K리그1,"20230712",서울,수원FC,서울 월드컵,10407.00000
96,K리그1,"20230225",수원,광주,수원 월드컵,10348.00000
97,K리그1,"20230806",전북,인천,전주 월드컵,10327.00000
98,K리그1,"20230422",대구,대전,대구iM뱅크PARK,10236.00000
99,K리그1,"20230509",서울,광주,서울 월드컵,10236.00000
100,K리그1,"20231202",대전,서울,대전 월드컵,10176.00000
101,플레이오프,"20231209",강원,김포,강릉하이원아레나,10130.00000
102,K리그1,"20230924",강원,인천,강릉하이원아레나,10047.00000
103,K리그1,"20230423",제주,전북,제주 월드컵,10041.00000
104,K리그1,"20230304",인천,대전,인천 전용,10011.00000
105,K리그1,"20230901",대전,수원FC,대전 월드컵,9955.00000
106,K리그1,"20230715",수원,울산,수원 월드컵,9946.00000
107,K리그1,"20230901",대구,강원,대구iM뱅크PARK,9806.00000
108,K리그1,"20231125",포항,대구,포항 스틸야드,9541.00000
109,K리그1,"20231022",대전,수원FC,대전 월드컵,9474.00000
110,K리그1,"20230625",인천,포항,인천 전용,9367.00000
111,K리그1,"20230813",인천,대구,인천 전용,9349.00000
112,K리그1,"20231001",강원,대전,강릉하이원아레나,9326.00000
113,K리그1,"20230415",수원FC,전북,수원 종합,9221.00000
114,K리그1,"20230430",포항,인천,포항 스틸야드,9173.00000
115,K리그1,"20230415",포항,서울,포항 스틸야드,9131.00000
116,K리그1,"20230826",강원,포항,강릉하이원아레나,9063.00000
117,K리그1,"20230721",포항,전북,포항 스틸야드,9055.00000
118,K리그1,"20230716",인천,대전,인천 전용,8925.00000
119,K리그1,"20231112",수원FC,수원,수원 종합,8886.00000
120,K리그1,"20230430",수원,대구,수원 월드컵,8883.00000
121,K리그1,"20230606",수원FC,울산,수원 종합,8733.00000
122,K리그1,"20230409",전북,인천,전주 월드컵,8697.00000
123,K리그1,"20230311",수원FC,수원,수원 종합,8670.00000
124,K리그1,"20230311",대전,포항,대전 월드컵,8661.00000
125,K리그1,"20230505",인천,수원,인천 전용,8637.00000
126,K리그1,"20230916",인천,제주,인천 전용,8433.00000
127,K리그1,"20230610",대전,광주,대전 월드컵,8390.00000
128,K리그1,"20230510",대전,수원FC,대전 월드컵,8377.00000
129,K리그1,"20230606",포항,제주,포항 스틸야드,8376.00000
130,K리그1,"20230812",강원,울산,강릉하이원아레나,8369.00000
131,K리그1,"20230226",제주,수원FC,제주 월드컵,8362.00000
132,K리그1,"20230712",울산,인천,울산 문수,8353.00000
133,K리그1,"20230401",인천,대구,인천 전용,8250.00000
134,K리그1,"20230422",인천,수원FC,인천 전용,8215.00000
135,K리그1,"20230607",전북,대구,전주 월드컵,8197.00000
136,K리그1,"20230903",제주,전북,제주 월드컵,8104.00000
137,K리그1,"20230312",전북,광주,전주 월드컵,8051.00000
138,K리그1,"20231111",대전,강원,대전 월드컵,8000.00000
139,K리그1,"20230711",대구,강원,대구iM뱅크PARK,7929.00000
140,K리그1,"20230510",수원,전북,수원 월드컵,7860.00000
141,K리그1,"20230924",수원FC,울산,수원 종합,7809.00000
142,K리그2,"20230923",성남,충북청주,탄천 종합,7789.00000
143,K리그1,"20231124",인천,울산,인천 전용,7601.00000
144,K리그2,"20231111",경남,김천,창원 축구센터,7547.00000
145,K리그1,"20230416",대구,광주,대구iM뱅크PARK,7534.00000
146,K리그1,"20230318",포항,강원,포항 스틸야드,7514.00000
147,K리그1,"20230916",포항,수원FC,포항 스틸야드,7469.00000
148,K리그1,"20230402",수원,강원,수원 월드컵,7428.00000
149,K리그1,"20230305",광주,서울,광주 전용,7357.00000
150,K리그1,"20231125",강원,수원FC,강릉하이원아레나,7307.00000
151,K리그1,"20230924",광주,전북,광주 전용,7303.00000
152,K리그1,"20230820",포항,대전,포항 스틸야드,7287.00000
153,K리그1,"20230607",인천,서울,인천 전용,7272.00000
154,K리그2,"20230924",서울E,안산,목동 종합,7266.00000
155,K리그1,"20230818",수원,제주,수원 월드컵,7258.00000
156,K리그1,"20230813",포항,광주,포항 스틸야드,7206.00000
157,K리그1,"20230923",제주,서울,제주 월드컵,7205.00000
158,K리그1,"20230715",강원,서울,강릉하이원아레나,7203.00000
159,K리그1,"20230930",수원FC,서울,수원 종합,7194.00000
160,K리그1,"20230304",수원FC,포항,수원 종합,7155.00000
161,K리그1,"20230402",제주,울산,제주 월드컵,7140.00000
162,K리그1,"20230318",제주,서울,제주 월드컵,7078.00000
163,K리그1,"20230611",수원,인천,수원 월드컵,7066.00000
164,K리그1,"20230408",포항,광주,포항 스틸야드,7062.00000
165,K리그2,"20230304",충북청주,김천,청주 종합,7035.00000
166,K리그1,"20230707",강원,광주,강릉하이원아레나,7006.00000
167,K리그1,"20230513",포항,대전,포항 스틸야드,7002.00000
168,플레이오프,"20231209",수원FC,부산,수원 종합,6987.00000
169,K리그1,"20230509",대구,포항,대구iM뱅크PARK,6943.00000
170,K리그1,"20230520",인천,광주,인천 전용,6663.00000
171,K리그2,"20230806",서울E,경남,목동 종합,6471.00000
172,K리그2,"20230319",부산,김천,부산 아시아드,6359.00000
173,K리그1,"20230527",제주,수원,제주 월드컵,6308.00000
174,K리그1,"20230305",강원,울산,춘천 송암,6199.00000
175,K리그1,"20231001",제주,광주,제주 월드컵,6130.00000
176,K리그1,"20230611",강원,전북,춘천 송암,6114.00000
177,K리그2,"20230701",부천,김천,부천 종합,6103.00000
178,K리그1,"20231111",제주,서울,제주 월드컵,6039.00000
179,K리그1,"20230312",인천,제주,인천 전용,6007.00000
180,K리그1,"20231008",광주,강원,광주 전용,6004.00000
181,K리그2,"20230305",안양,서울E,안양 종합,6003.00000
182,K리그1,"20230624",광주,전북,광주 전용,5990.00000
183,K리그1,"20230702",광주,울산,광주 전용,5982.00000
184,K리그1,"20230818",인천,광주,인천 전용,5870.00000
185,K리그1,"20231203",광주,포항,광주 전용,5817.00000
186,K리그1,"20230429",수원FC,서울,수원 종합,5806.00000
187,K리그2,"20231126",부산,충북청주,부산 아시아드,5764.00000
188,K리그1,"20230624",제주,대전,제주 월드컵,5755.00000
189,K리그2,"20231111",서울E,성남,목동 종합,5689.00000
190,K리그1,"20230429",전북,강원,전주 월드컵,5685.00000
191,K리그2,"20230916",서울E,천안,목동 종합,5647.00000
192,K리그1,"20230603",제주,강원,제주 월드컵,5616.00000
193,K리그1,"20231021",광주,울산,광주 전용,5553.00000
194,K리그1,"20230513",강원,수원,춘천 송암,5519.00000
195,K리그1,"20230812",제주,수원FC,제주 월드컵,5443.00000
196,K리그1,"20230702",포항,수원FC,포항 스틸야드,5441.00000
197,K리그2,"20231001",경남,부산,창원 축구센터,5437.00000
198,K리그1,"20231029",수원FC,서울,수원 종합,5372.00000
199,K리그1,"20230425",인천,울산,인천 전용,5326.00000
200,K리그1,"20230509",울산,강원,울산 문수,5318.00000
201,K리그1,"20230506",제주,포항,제주 월드컵,5261.00000
202,K리그1,"20231028",강원,제주,강릉하이원아레나,5256.00000
203,K리그1,"20230415",수원,제주,수원 월드컵,5190.00000
204,K리그1,"20230702",인천,강원,인천 전용,5076.00000
205,K리그1,"20230426",전북,대전,전주 월드컵,5067.00000
206,K리그1,"20230827",광주,수원,광주 전용,5014.00000
207,K리그1,"20231020",포항,인천,포항 스틸야드,4944.00000
208,K리그2,"20231001",충북청주,부천,청주 종합,4930.00000
209,K리그2,"20230301",전남,안양,광양 전용,4890.00000
210,K리그1,"20231022",제주,수원,제주 월드컵,4875.00000
211,K리그2,"20230917",경남,전남,창원 축구센터,4808.00000
212,K리그1,"20230708",수원FC,인천,수원 종합,4782.00000
213,K리그1,"20230712",수원,포항,수원 월드컵,4727.00000
214,K리그1,"20231028",광주,인천,광주 전용,4723.00000
215,K리그1,"20231125",제주,대전,제주 월드컵,4713.00000
216,K리그1,"20230401",광주,수원FC,광주 전용,4535.00000
217,K리그2,"20230301",충남아산,김천,아산 이순신,4422.00000
218,K리그1,"20230716",포항,제주,포항 스틸야드,4422.00000
219,K리그1,"20230409",수원FC,대전,수원 종합,4421.00000
220,K리그2,"20231028",충남아산,천안,아산 이순신,4354.00000
221,K리그1,"20230806",제주,강원,제주 월드컵,4331.00000
222,K리그2,"20230415",충남아산,서울E,아산 이순신,4293.00000
223,K리그2,"20230301",서울E,충북청주,목동 종합,4247.00000
224,K리그2,"20231007",서울E,경남,목동 종합,4222.00000
225,K리그1,"20230707",제주,대구,제주 월드컵,4210.00000
226,K리그2,"20230304",안산,충남아산,안산 와스타디움,4173.00000
227,K리그2,"20230610",경남,충남아산,창원 축구센터,4159.00000
228,K리그1,"20230510",제주,인천,제주 월드컵,4124.00000
229,K리그2,"20231126",부천,전남,부천 종합,4059.00000
230,K리그1,"20230311",강원,대구,춘천 송암,4058.00000
231,K리그2,"20230401",성남,충북청주,탄천 종합,4052.00000
232,플레이오프,"20231206",부산,수원FC,부산 아시아드,4047.00000
233,K리그2,"20230408",부천,안양,부천 종합,4031.00000
234,K리그2,"20230430",서울E,성남,목동 종합,3917.00000
235,K리그2,"20231028",경남,안산,창원 축구센터,3914.00000
236,K리그2,"20231111",충북청주,충남아산,청주 종합,3896.00000
237,K리그2,"20231021",부천,안양,부천 종합,3804.00000
238,K리그2,"20231126",안양,천안,안양 종합,3792.00000
239,K리그2,"20230624",부산,충북청주,부산 아시아드,3790.00000
240,K리그2,"20230415",부산,경남,부산 아시아드,3787.00000
241,K리그2,"20230318",충남아산,천안,아산 이순신,3762.00000
242,K리그1,"20230804",광주,대전,광주 전용,3752.00000
243,플레이오프,"20231206",김포,강원,김포솔터축구장,3736.00000
244,K리그2,"20231007",부산,천안,부산 아시아드,3696.00000
245,K리그2,"20230603",안양,부천,안양 종합,3691.00000
246,K리그2,"20230521",경남,부산,양산 종합,3690.00000
247,K리그1,"20230506",광주,대전,광주 전용,3687.00000
248,K리그2,"20230702",안양,경남,안양 종합,3685.00000
249,K리그2,"20230610",부산,김포,부산 구덕,3674.00000
250,K리그2,"20230820",서울E,부산,목동 종합,3657.00000
251,K리그1,"20230426",강원,서울,춘천 송암,3640.00000
252,K리그2,"20230422",서울E,김천,목동 종합,3638.00000
253,K리그2,"20230729",경남,김포,창원 축구센터,3624.00000
254,K리그1,"20230513",광주,대구,광주 전용,3622.00000
255,K리그2,"20231022",충북청주,경남,청주 종합,3616.00000
256,K리그1,"20230423",광주,강원,광주 전용,3562.00000
257,K리그2,"20230625",서울E,안양,목동 종합,3558.00000
258,K리그2,"20230923",전남,천안,광양 전용,3526.00000
259,K리그1,"20230603",광주,포항,광주 전용,3512.00000
260,K리그1,"20230521",강원,포항,춘천 송암,3495.00000
261,K리그2,"20230520",안양,전남,안양 종합,3465.00000
262,K리그2,"20230529",부천,김포,부천 종합,3423.00000
263,K리그2,"20230827",안양,전남,안양 종합,3301.00000
264,K리그2,"20230301",천안,부산,천안 종합,3299.00000
265,K리그2,"20230917",부천,김포,부천 종합,3299.00000
266,K리그2,"20230709",경남,안산,창원 축구센터,3291.00000
267,K리그1,"20230711",제주,광주,제주 월드컵,3280.00000
268,K리그1,"20230825",수원FC,인천,수원 종합,3236.00000
269,K리그1,"20230514",수원FC,제주,수원 종합,3213.00000
270,K리그2,"20230731",안양,김천,안양 종합,3202.00000
271,K리그2,"20231028",안양,서울E,안양 종합,3182.00000
272,K리그1,"20230625",수원FC,강원,수원 종합,3173.00000
273,K리그1,"20230416",강원,인천,춘천 송암,3162.00000
274,K리그2,"20230301",경남,부천,창원 축구센터,3134.00000
275,K리그2,"20230514",경남,성남,양산 종합,3127.00000
276,K리그2,"20230604",김포,충북청주,김포솔터축구장,3121.00000
277,K리그2,"20231112",전남,부산,광양 전용,3120.00000
278,K리그2,"20230402",부산,서울E,부산 아시아드,3116.00000
279,K리그2,"20230625",김포,전남,김포솔터축구장,3105.00000
280,K리그2,"20230812",안양,안산,안양 종합,3088.00000
281,K리그1,"20230425",포항,수원,포항 스틸야드,3080.00000
282,K리그2,"20230826",경남,성남,창원 축구센터,3071.00000
283,K리그2,"20230520",서울E,부천,목동 종합,3067.00000
284,K리그2,"20230311",충북청주,부산,청주 종합,3043.00000
285,K리그2,"20230924",부천,경남,부천 종합,3039.00000
286,K리그2,"20230304",부천,성남,부천 종합,3034.00000
287,K리그2,"20230916",부산,성남,부산 아시아드,3018.00000
288,K리그2,"20230624",성남,부천,탄천 종합,2985.00000
289,K리그2,"20230401",김포,부천,김포솔터축구장,2945.00000
290,K리그2,"20230903",안양,부산,안양 종합,2927.00000
291,K리그2,"20230902",부천,충남아산,부천 종합,2921.00000
292,K리그2,"20230826",부천,서울E,부천 종합,2913.00000
293,K리그2,"20231022",김포,전남,김포솔터축구장,2884.00000
294,K리그2,"20230318",부천,안산,부천 종합,2854.00000
295,K리그1,"20230715",광주,대구,광주 전용,2851.00000
296,K리그1,"20230607",강원,대전,춘천 송암,2840.00000
297,K리그2,"20230402",김천,경남,김천 종합,2825.00000
298,K리그2,"20230513",서울E,천안,목동 종합,2825.00000
299,K리그1,"20230318",광주,인천,광주 전용,2812.00000
300,K리그2,"20230723",경남,김천,창원 축구센터,2797.00000
301,K리그2,"20230611",부천,천안,부천 종합,2769.00000
302,K리그1,"20230506",수원FC,강원,수원 종합,2749.00000
303,K리그2,"20230506",김포,서울E,김포솔터축구장,2736.00000
304,K리그2,"20230604",서울E,부산,목동 종합,2723.00000
305,K리그2,"20230319",안양,성남,안양 종합,2722.00000
306,K리그2,"20230409",충북청주,김포,청주 종합,2648.00000
307,K리그2,"20230507",부천,전남,부천 종합,2610.00000
308,K리그1,"20231202",수원FC,제주,수원 종합,2602.00000
309,K리그1,"20230409",강원,제주,춘천 송암,2581.00000
310,K리그2,"20230429",부산,안산,부산 아시아드,2564.00000
311,K리그2,"20230903",전남,성남,광양 전용,2552.00000
312,K리그2,"20230527",충북청주,경남,청주 종합,2548.00000
313,K리그2,"20230829",부산,김천,부산 구덕,2532.00000
314,K리그2,"20230423",충남아산,경남,아산 이순신,2530.00000
315,K리그2,"20231007",전남,안산,광양 전용,2523.00000
316,K리그2,"20230507",안양,부산,안양 종합,2511.00000
317,K리그2,"20230422",안양,김포,안양 종합,2487.00000
318,K리그2,"20231126",김천,서울E,김천 종합,2482.00000
319,K리그2,"20230924",김포,충남아산,김포솔터축구장,2461.00000
320,K리그2,"20230821",경남,천안,창원 축구센터,2445.00000
321,플레이오프,"20231202",김포,경남,김포솔터축구장,2442.00000
322,K리그2,"20230311",김포,경남,김포솔터축구장,2435.00000
323,K리그2,"20230826",김포,부산,김포솔터축구장,2418.00000
324,K리그2,"20230301",성남,안산,탄천 종합,2411.00000
325,K리그2,"20230815",부산,전남,부산 구덕,2395.00000
326,K리그2,"20230527",성남,안양,탄천 종합,2351.00000
327,K리그2,"20230611",충북청주,전남,청주 종합,2293.00000
328,K리그2,"20230429",안양,충북청주,안양 종합,2284.00000
329,K리그2,"20230805",부산,천안,부산 구덕,2279.00000
330,K리그2,"20230718",안양,천안,안양 종합,2275.00000
331,K리그2,"20230520",천안,충남아산,천안 종합,2238.00000
332,K리그2,"20230819",충북청주,김포,청주 종합,2219.00000
333,K리그2,"20230730",부천,부산,부천 종합,2189.00000
334,K리그2,"20231029",전남,충북청주,광양 전용,2180.00000
335,K리그2,"20230930",안양,성남,안양 종합,2174.00000
336,K리그2,"20230729",성남,전남,탄천 종합,2169.00000
337,K리그2,"20230401",안양,충남아산,안양 종합,2156.00000
338,K리그2,"20230513",부산,부천,부산 아시아드,2150.00000
339,K리그1,"20230426",광주,제주,광주 전용,2143.00000
340,K리그2,"20230716",경남,전남,창원 축구센터,2137.00000
341,K리그2,"20230507",성남,김천,탄천 종합,2123.00000
342,플레이오프,"20231129",경남,부천,창원 축구센터,2099.00000
343,K리그2,"20230805",김포,안양,김포솔터축구장,2092.00000
344,K리그1,"20230722",수원FC,광주,수원 종합,2083.00000
345,K리그2,"20231126",김포,경남,김포솔터축구장,2060.00000
346,K리그2,"20230820",전남,김천,광양 전용,2058.00000
347,K리그2,"20230919",충북청주,서울E,청주 종합,2057.00000
348,K리그2,"20230814",부천,경남,부천 종합,2053.00000
349,K리그2,"20230429",경남,천안,창원 축구센터,2024.00000
350,K리그2,"20230318",경남,충북청주,창원 축구센터,2011.00000
351,K리그2,"20230903",김포,서울E,김포솔터축구장,1998.00000
352,K리그2,"20230305",전남,경남,광양 전용,1975.00000
353,K리그2,"20230708",충북청주,안양,청주 종합,1949.00000
354,K리그2,"20230503",김포,성남,김포솔터축구장,1915.00000
355,K리그2,"20230805",전남,부천,광양 전용,1894.00000
356,K리그2,"20231007",김포,안양,김포솔터축구장,1890.00000
357,K리그2,"20230716",부산,성남,부산 아시아드,1872.00000
358,K리그1,"20230607",광주,수원,광주 전용,1871.00000
359,K리그1,"20230426",수원FC,대구,수원 종합,1870.00000
360,K리그2,"20230731",서울E,충남아산,목동 종합,1870.00000
361,K리그2,"20230830",서울E,전남,목동 종합,1859.00000
362,K리그2,"20230917",충남아산,안양,아산 이순신,1858.00000
363,K리그2,"20230723",충북청주,서울E,청주 종합,1857.00000
364,K리그2,"20231007",성남,충남아산,탄천 종합,1780.00000
365,K리그2,"20230527",전남,천안,광양 전용,1741.00000
366,K리그2,"20230514",충북청주,안산,청주 종합,1728.00000
367,K리그2,"20231112",안산,안양,안산 와스타디움,1715.00000
368,K리그2,"20230319",전남,김포,광양 전용,1712.00000
369,K리그2,"20230418",부천,서울E,부천 종합,1704.00000
370,K리그2,"20230423",충북청주,부천,청주 종합,1683.00000
371,K리그2,"20230422",성남,부산,탄천 종합,1671.00000
372,K리그2,"20231126",성남,안산,탄천 종합,1629.00000
373,K리그2,"20230604",전남,김천,광양 전용,1625.00000
374,K리그2,"20230702",김포,충남아산,김포솔터축구장,1618.00000
375,K리그2,"20231014",충남아산,충북청주,아산 이순신,1616.00000
376,K리그2,"20230409",서울E,안산,목동 종합,1614.00000
377,K리그1,"20230528",수원FC,광주,수원 종합,1605.00000
378,K리그2,"20230709",성남,김포,탄천 종합,1596.00000
379,K리그2,"20230724",부산,안양,부산 아시아드,1579.00000
380,K리그2,"20230503",경남,서울E,창원 축구센터,1576.00000
381,K리그2,"20230718",부천,충북청주,부천 종합,1552.00000
382,K리그2,"20230920",안양,경남,안양 종합,1539.00000
383,K리그2,"20230514",충남아산,김포,아산 이순신,1513.00000
384,K리그2,"20230718",서울E,김포,목동 종합,1489.00000
385,K리그2,"20230416",안산,김포,안산 와스타디움,1479.00000
386,K리그2,"20230408",전남,성남,광양 전용,1474.00000
387,K리그2,"20230416",성남,천안,탄천 종합,1468.00000
388,K리그2,"20231001",천안,김천,천안 종합,1466.00000
389,K리그2,"20230703",전남,서울E,광양 전용,1436.00000
390,K리그2,"20230419",김포,부산,김포솔터축구장,1429.00000
391,K리그2,"20230520",안산,성남,안산 와스타디움,1394.00000
392,K리그2,"20230814",천안,김포,천안 종합,1394.00000
393,K리그2,"20230701",안산,부산,안산 와스타디움,1388.00000
394,K리그2,"20230502",부천,충남아산,부천 종합,1380.00000
395,K리그2,"20230528",부산,충남아산,부산 구덕,1366.00000
396,K리그2,"20230715",김포,김천,김포솔터축구장,1363.00000
397,K리그2,"20230826",김천,충남아산,김천 종합,1351.00000
398,K리그2,"20230311",서울E,전남,목동 종합,1350.00000
399,K리그2,"20231029",김천,김포,김천 종합,1319.00000
400,K리그2,"20230919",부산,안산,부산 아시아드,1306.00000
401,K리그2,"20230719",전남,안산,광양 전용,1292.00000
402,K리그2,"20230724",김포,안산,김포솔터축구장,1277.00000
403,K리그2,"20230611",성남,서울E,탄천 종합,1273.00000
404,K리그2,"20230506",안산,경남,안산 와스타디움,1258.00000
405,K리그2,"20231021",충남아산,부산,아산 이순신,1255.00000
406,K리그2,"20231021",천안,성남,천안 종합,1251.00000
407,K리그2,"20230815",김천,서울E,김천 종합,1241.00000
408,K리그2,"20230502",전남,부산,광양 전용,1214.00000
409,K리그2,"20230513",김천,안양,김천 종합,1203.00000
410,K리그2,"20230902",천안,안산,천안 종합,1197.00000
411,K리그2,"20231112",천안,김포,천안 종합,1196.00000
412,K리그2,"20230923",김천,안양,김천 종합,1187.00000
413,K리그2,"20230423",안산,전남,안산 와스타디움,1170.00000
414,K리그2,"20231022",안산,김천,안산 와스타디움,1165.00000
415,K리그2,"20230305",김포,천안,김포솔터축구장,1164.00000
416,K리그2,"20230312",안산,안양,안산 와스타디움,1124.00000
417,K리그2,"20230625",충남아산,안산,아산 이순신,1110.00000
418,K리그2,"20230708",천안,서울E,천안 종합,1109.00000
419,K리그2,"20230902",김천,충북청주,김천 종합,1100.00000
420,K리그2,"20231007",김천,부천,김천 종합,1094.00000
421,K리그2,"20230429",전남,충남아산,광양 전용,1077.00000
422,K리그2,"20230603",충남아산,성남,아산 이순신,1072.00000
423,K리그2,"20230430",김천,김포,김천 종합,1070.00000
424,K리그2,"20230830",충북청주,안양,청주 종합,1062.00000
425,K리그2,"20230624",김천,천안,김천 종합,1060.00000
426,K리그2,"20230821",성남,부천,탄천 종합,1056.00000
427,K리그2,"20230415",전남,충북청주,광양 전용,1032.00000
428,K리그2,"20230715",충남아산,안양,아산 이순신,1032.00000
429,K리그2,"20230930",충남아산,서울E,아산 이순신,1019.00000
430,K리그2,"20230703",충북청주,성남,청주 종합,1014.00000
431,K리그2,"20230719",성남,경남,탄천 종합,992.00000
432,K리그2,"20230827",천안,충북청주,천안 종합,990.00000
433,K리그2,"20230710",충남아산,전남,아산 이순신,956.00000
434,K리그2,"20230603",천안,경남,천안 종합,952.00000
435,K리그2,"20230312",성남,충남아산,탄천 종합,949.00000
436,K리그2,"20230723",충남아산,부천,아산 이순신,930.00000
437,K리그2,"20230819",안산,충남아산,안산 와스타디움,927.00000
438,K리그2,"20230829",충남아산,경남,아산 이순신,927.00000
439,K리그2,"20230502",천안,안양,천안 종합,920.00000
440,K리그2,"20230806",김천,성남,김천 종합,906.00000
441,K리그2,"20230408",천안,김천,천안 종합,905.00000
442,K리그2,"20230521",김천,충북청주,김천 종합,893.00000
443,K리그2,"20230715",안산,부천,안산 와스타디움,887.00000
444,K리그2,"20230715",천안,충북청주,천안 종합,885.00000
445,K리그2,"20230719",김천,충남아산,김천 종합,885.00000
446,K리그2,"20230930",안산,김포,안산 와스타디움,873.00000
447,K리그2,"20230710",김천,부산,김천 종합,866.00000
448,K리그2,"20230506",충북청주,천안,청주 종합,837.00000
449,K리그2,"20230610",김천,안산,김천 종합,837.00000
450,K리그2,"20230418",경남,안양,창원 축구센터,820.00000
451,K리그2,"20230830",성남,김포,탄천 종합,803.00000
452,K리그2,"20230402",천안,전남,천안 종합,762.00000
453,K리그2,"20230418",충북청주,충남아산,청주 종합,762.00000
454,K리그2,"20230409",충남아산,부산,아산 이순신,758.00000
455,K리그2,"20230528",안산,서울E,안산 와스타디움,709.00000
456,K리그2,"20230503",안산,김천,안산 와스타디움,702.00000
457,K리그2,"20230730",안산,천안,안산 와스타디움,699.00000
458,K리그2,"20230916",안산,충북청주,안산 와스타디움,694.00000
459,K리그2,"20230312",천안,부천,천안 종합,675.00000
460,K리그2,"20230919",성남,김천,탄천 종합,647.00000
461,K리그2,"20230415",김천,부천,김천 종합,627.00000
462,K리그2,"20230723",천안,성남,천안 종합,580.00000
463,K리그2,"20230419",천안,안산,천안 종합,566.00000
464,K리그2,"20230920",충남아산,전남,아산 이순신,515.00000
465,K리그2,"20230920",천안,부천,천안 종합,433.00000
466,K리그2,"20230829",안산,부천,안산 와스타디움,422.00000
467,K리그2,"20230808",안산,충북청주,안산 와스타디움,385.00000
468,K리그2,"20230419",김천,전남,김천 종합,359.00000
469,K리그1,"20240504",서울,울산,서울 월드컵,52600.00000
470,K리그1,"20240310",서울,인천,서울 월드컵,51670.00000
471,K리그1,"20241110",서울,울산,서울 월드컵,37288.00000
472,K리그1,"20240824",서울,강원,서울 월드컵,34086.00000
473,K리그1,"20240929",서울,수원FC,서울 월드컵,31037.00000
474,K리그1,"20240316",서울,제주,서울 월드컵,29536.00000
475,K리그1,"20241102",서울,포항,서울 월드컵,29377.00000
476,K리그1,"20240413",서울,포항,서울 월드컵,29051.00000
477,K리그1,"20240601",울산,전북,울산 문수,29007.00000
478,K리그1,"20240301",울산,포항,울산 문수,28683.00000
479,K리그1,"20240420",서울,전북,서울 월드컵,28048.00000
480,K리그1,"20240519",서울,대구,서울 월드컵,27365.00000
481,K리그1,"20240914",서울,대전,서울 월드컵,26790.00000
482,K리그1,"20240330",전북,울산,전주 월드컵,25782.00000
483,K리그1,"20240622",서울,수원FC,서울 월드컵,25157.00000
484,K리그1,"20240301",전북,대전,전주 월드컵,24758.00000
485,K리그1,"20241006",울산,김천,울산 문수,24417.00000
486,K리그1,"20241123",울산,수원FC,울산 문수,24096.00000
487,K리그1,"20240616",울산,서울,울산 문수,23856.00000
488,플레이오프,"20241208",전북,서울E,전주 월드컵,23722.00000
489,K리그1,"20240901",전북,서울,전주 월드컵,22749.00000
490,K리그1,"20240831",울산,포항,울산 문수,22106.00000
491,K리그1,"20240913",울산,강원,울산 문수,22010.00000
492,K리그1,"20240928",전북,제주,전주 월드컵,21386.00000
493,K리그1,"20240602",서울,광주,서울 월드컵,21100.00000
494,K리그1,"20240713",울산,서울,울산 문수,21064.00000
495,K리그1,"20240428",울산,제주,울산 문수,20253.00000
496,K리그1,"20241110",전북,대구,전주 월드컵,18985.00000
497,K리그1,"20240721",서울,김천,서울 월드컵,18577.00000
498,K리그1,"20240720",전북,울산,전주 월드컵,18573.00000
499,K리그1,"20240922",대전,전북,대전 월드컵,18473.00000
500,K리그1,"20241019",전북,대전,전주 월드컵,18261.00000
501,K리그1,"20241102",전북,인천,전주 월드컵,18244.00000
502,K리그1,"20240816",서울,제주,서울 월드컵,18029.00000
503,K리그1,"20240810",울산,대구,울산 문수,17372.00000
504,K리그1,"20240316",대전,강원,대전 월드컵,17191.00000
505,K리그1,"20240512",울산,김천,울산 문수,16394.00000
506,K리그1,"20240824",인천,전북,인천 전용,15422.00000
507,K리그2,"20241103",수원,안산,용인 미르,15308.00000
508,K리그1,"20240317",울산,인천,울산 문수,15233.00000
509,K리그1,"20240727",인천,서울,인천 전용,15213.00000
510,K리그1,"20240809",전북,광주,전주 월드컵,15178.00000
511,K리그1,"20240302",인천,수원FC,인천 전용,15060.00000
512,K리그1,"20240710",서울,대전,서울 월드컵,15037.00000
513,K리그2,"20240720",수원,충북청주,수원 월드컵,14866.00000
514,K리그1,"20240817",전북,포항,전주 월드컵,14814.00000
515,K리그1,"20240525",울산,대전,울산 문수,14676.00000
516,K리그1,"20241110",인천,대전,인천 전용,14633.00000
517,K리그1,"20240511",인천,서울,인천 전용,14435.00000
518,K리그1,"20241006",인천,강원,인천 전용,14434.00000
519,K리그1,"20240406",울산,수원FC,울산 문수,14215.00000
520,K리그2,"20240303",수원,충남아산,수원 월드컵,14196.00000
521,K리그1,"20240922",인천,울산,인천 전용,13888.00000
522,K리그1,"20240413",울산,강원,울산 문수,13874.00000
523,K리그1,"20240428",전북,대구,전주 월드컵,13642.00000
524,K리그1,"20240525",포항,서울,포항 스틸야드,13467.00000
525,K리그2,"20241109",안양,경남,안양 종합,13451.00000
526,K리그1,"20241101",울산,강원,울산 종합,13438.00000
527,K리그1,"20241027",대전,대구,대전 월드컵,13405.00000
528,K리그1,"20240626",서울,강원,서울 월드컵,13303.00000
529,K리그1,"20240728",포항,김천,포항 스틸야드,13234.00000
530,K리그1,"20241027",포항,울산,포항 스틸야드,13212.00000
531,플레이오프,"20241201",서울E,전북,목동 종합,13205.00000
532,K리그1,"20240818",울산,수원FC,울산 문수,13204.00000
533,K리그1,"20240818",강원,광주,강릉하이원아레나,13170.00000
534,K리그1,"20240630",포항,울산,포항 스틸야드,13079.00000
535,K리그1,"20240403",서울,김천,서울 월드컵,13040.00000
536,K리그1,"20240512",전북,수원FC,전주 월드컵,13009.00000
537,K리그1,"20240504",포항,전북,포항 스틸야드,13002.00000
538,K리그1,"20241124",대전,제주,대전 월드컵,12743.00000
539,K리그1,"20241020",강원,서울,강릉하이원아레나,12742.00000
540,K리그1,"20240427",대전,서울,대전 월드컵,12700.00000
541,K리그1,"20240928",강원,대구,강릉하이원아레나,12677.00000
542,K리그1,"20240629",전북,서울,전주 월드컵,12508.00000
543,K리그1,"20240706",제주,서울,제주 월드컵,12409.00000
544,K리그2,"20240421",안양,수원,안양 종합,12323.00000
545,K리그1,"20240901",강원,수원FC,강릉하이원아레나,12292.00000
546,K리그1,"20240726",강원,전북,강릉하이원아레나,12272.00000
547,K리그1,"20240303",대구,김천,대구iM뱅크PARK,12133.00000
548,K리그1,"20240407",대구,서울,대구iM뱅크PARK,12088.00000
549,K리그1,"20241006",대구,전북,대구iM뱅크PARK,12072.00000
550,K리그1,"20240316",대구,수원FC,대구iM뱅크PARK,11997.00000
551,K리그1,"20240831",대구,인천,대구iM뱅크PARK,11994.00000
552,K리그1,"20240526",대구,강원,대구iM뱅크PARK,11977.00000
553,플레이오프,"20241201",대구,충남아산,대구iM뱅크PARK,11973.00000
554,K리그1,"20240511",대구,광주,대구iM뱅크PARK,11967.00000
555,K리그1,"20241103",대구,제주,대구iM뱅크PARK,11940.00000
556,K리그1,"20240706",대구,포항,대구iM뱅크PARK,11881.00000
557,K리그1,"20240921",대구,서울,대구iM뱅크PARK,11837.00000
558,K리그1,"20241124",대구,인천,대구iM뱅크PARK,11812.00000
559,K리그1,"20240525",전북,김천,전주 월드컵,11726.00000
560,K리그2,"20240331",수원,부산,수원 월드컵,11707.00000
561,K리그2,"20240622",수원,성남,수원 월드컵,11684.00000
562,K리그2,"20240518",수원,부천,수원 월드컵,11592.00000
563,K리그1,"20240330",인천,대전,인천 전용,11581.00000
564,K리그1,"20240622",강원,김천,강릉하이원아레나,11578.00000
565,K리그1,"20240616",전북,인천,전주 월드컵,11477.00000
566,K리그1,"20240501",대구,울산,대구iM뱅크PARK,11466.00000
567,K리그1,"20241123",강원,포항,강릉하이원아레나,11426.00000
568,K리그1,"20240727",대구,대전,대구iM뱅크PARK,11373.00000
569,K리그1,"20240421",대구,대전,대구iM뱅크PARK,11330.00000
570,K리그2,"20240630",수원,안산,수원 월드컵,11286.00000
571,K리그1,"20240413",전북,광주,전주 월드컵,11229.00000
572,K리그1,"20240927",대전,울산,대전 월드컵,11219.00000
573,K리그1,"20240407",전북,강원,전주 월드컵,11215.00000
574,K리그2,"20240428",수원,경남,수원 월드컵,11109.00000
575,K리그2,"20240525",수원,서울E,수원 월드컵,11045.00000
576,K리그1,"20240309",포항,대구,포항 스틸야드,10930.00000
577,K리그1,"20240407",대전,포항,대전 월드컵,10761.00000
578,K리그1,"20240721",대구,광주,대구iM뱅크PARK,10721.00000
579,K리그1,"20240811",포항,서울,포항 스틸야드,10719.00000
580,K리그1,"20240720",강원,제주,강릉하이원아레나,10710.00000
581,K리그1,"20240824",포항,대구,포항 스틸야드,10691.00000
582,K리그2,"20240407",충북청주,수원,청주 종합,10635.00000
583,K리그2,"20241006",수원,안양,용인 미르,10632.00000
584,K리그1,"20240622",대구,전북,대구iM뱅크PARK,10540.00000
585,K리그1,"20240518",대전,인천,대전 월드컵,10535.00000
586,K리그2,"20240713",천안,수원,천안 종합,10432.00000
587,K리그1,"20240707",대전,전북,대전 월드컵,10378.00000
588,K리그1,"20240707",강원,광주,강릉하이원아레나,10334.00000
589,K리그1,"20240721",인천,수원FC,인천 전용,10303.00000
590,K리그1,"20240626",울산,대구,울산 문수,10273.00000
591,K리그2,"20240831",충북청주,수원,청주 종합,10215.00000
592,K리그1,"20240331",강원,서울,춘천 송암,10144.00000
593,K리그1,"20240501",인천,전북,인천 전용,10094.00000
594,K리그1,"20240506",제주,대구,제주 월드컵,10033.00000
595,K리그2,"20240309",충남아산,부천,아산 이순신,10022.00000
596,K리그1,"20240616",대구,제주,대구iM뱅크PARK,9885.00000
597,K리그2,"20240914",수원,천안,용인 미르,9820.00000
598,K리그1,"20240816",대구,김천,대구iM뱅크PARK,9817.00000
599,K리그1,"20240615",강원,수원FC,춘천 송암,9704.00000
600,K리그1,"20240602",대전,대구,대전 월드컵,9649.00000
601,K리그1,"20240512",포항,제주,포항 스틸야드,9577.00000
602,K리그1,"20240309",수원FC,전북,수원 종합,9557.00000
603,K리그2,"20240825",서울E,수원,목동 종합,9527.00000
604,K리그1,"20241006",포항,수원FC,포항 스틸야드,9513.00000
605,K리그1,"20240710",울산,광주,울산 문수,9444.00000
606,K리그1,"20240922",포항,강원,포항 스틸야드,9427.00000
607,K리그1,"20240414",인천,대구,인천 전용,9400.00000
608,K리그1,"20241026",강원,김천,강릉하이원아레나,9383.00000
609,K리그1,"20240406",인천,제주,인천 전용,9293.00000
610,K리그2,"20240818",수원,전남,용인 미르,9263.00000
611,K리그1,"20240317",포항,광주,포항 스틸야드,9203.00000
612,K리그1,"20240914",수원FC,전북,수원 종합,9136.00000
613,K리그2,"20240310",서울E,수원,목동 종합,9123.00000
614,K리그1,"20240525",인천,광주,인천 전용,9107.00000
615,K리그1,"20240310",제주,대전,제주 월드컵,9083.00000
616,K리그2,"20240301",안양,성남,안양 종합,8802.00000
617,K리그2,"20240410",수원,전남,수원 월드컵,8708.00000
618,K리그1,"20241110",포항,김천,포항 스틸야드,8632.00000
619,K리그1,"20240817",대전,인천,대전 월드컵,8618.00000
620,K리그2,"20240511",부산,충남아산,부산 아시아드,8607.00000
621,K리그2,"20241019",부천,수원,부천 종합,8604.00000
622,K리그2,"20240511",수원,천안,수원 월드컵,8514.00000
623,K리그1,"20240615",포항,대전,포항 스틸야드,8422.00000
624,K리그1,"20240529",인천,울산,인천 전용,8413.00000
625,K리그2,"20240812",수원,안양,용인 미르,8370.00000
626,K리그2,"20240317",안산,수원,안산 와스타디움,8264.00000
627,K리그1,"20241027",인천,광주,인천 전용,8257.00000
628,K리그2,"20240505",성남,수원,탄천 종합,8252.00000
629,K리그1,"20240623",인천,포항,인천 전용,8198.00000
630,K리그1,"20240519",광주,전북,광주 전용,8091.00000
631,K리그1,"20240515",광주,울산,광주 전용,8069.00000
632,K리그2,"20240414",수원,김포,수원 월드컵,8054.00000
633,K리그1,"20241026",수원FC,서울,수원 종합,7971.00000
634,K리그1,"20241124",광주,전북,광주 전용,7957.00000
635,K리그1,"20240402",대전,울산,대전 월드컵,7927.00000
636,K리그2,"20241109",서울E,전남,목동 종합,7913.00000
637,K리그1,"20240519",강원,울산,춘천 송암,7850.00000
638,K리그1,"20240302",광주,서울,광주 전용,7805.00000
639,K리그1,"20240914",제주,대구,제주 월드컵,7746.00000
640,K리그1,"20240420",포항,김천,포항 스틸야드,7673.00000
641,K리그1,"20241110",제주,광주,제주 월드컵,7651.00000
642,K리그2,"20240309",경남,부산,창원 축구센터,7649.00000
643,K리그1,"20240430",수원FC,서울,수원 종합,7570.00000
644,K리그1,"20240428",포항,인천,포항 스틸야드,7564.00000
645,K리그1,"20240601",수원FC,인천,수원 종합,7511.00000
646,K리그1,"20240901",대전,광주,대전 월드컵,7445.00000
647,K리그1,"20240705",수원FC,울산,수원 종합,7378.00000
648,K리그1,"20240622",대전,광주,대전 월드컵,7350.00000
649,K리그1,"20240726",제주,울산,제주 월드컵,7346.00000
650,K리그1,"20240331",광주,대구,광주 전용,7313.00000
651,K리그2,"20240309",전남,김포,광양 전용,7295.00000
652,K리그2,"20240602",부산,수원,부산 아시아드,7191.00000
653,K리그1,"20240709",대구,인천,대구iM뱅크PARK,7152.00000
654,K리그1,"20240713",대전,강원,대전 월드컵,7147.00000
655,K리그1,"20241019",인천,제주,인천 전용,7138.00000
656,K리그2,"20241020",안양,부산,안양 종합,7097.00000
657,K리그2,"20241027",김포,수원,김포솔터축구장,7068.00000
658,K리그1,"20240705",인천,김천,인천 전용,7012.00000
659,K리그2,"20240625",전남,수원,광양 전용,6948.00000
660,K리그1,"20241109",수원FC,강원,수원 종합,6778.00000
661,K리그2,"20240615",경남,수원,창원 축구센터,6768.00000
662,K리그1,"20241006",제주,대전,제주 월드컵,6766.00000
663,K리그2,"20240922",성남,수원,탄천 종합,6702.00000
664,K리그1,"20240721",대전,포항,대전 월드컵,6635.00000
665,K리그2,"20240723",부천,수원,부천 종합,6630.00000
666,K리그1,"20240623",제주,울산,제주 월드컵,6557.00000
667,K리그1,"20240626",전북,포항,전주 월드컵,6546.00000
668,K리그1,"20240602",제주,강원,제주 월드컵,6534.00000
669,K리그1,"20241027",제주,전북,제주 월드컵,6376.00000
670,플레이오프,"20241121",전남,부산,광양 전용,6375.00000
671,K리그1,"20241006",광주,서울,광주 전용,6357.00000
672,K리그1,"20240927",포항,인천,포항 스틸야드,6332.00000
673,K리그1,"20240810",제주,인천,제주 월드컵,6271.00000
674,플레이오프,"20241124",서울E,전남,목동 종합,6199.00000
675,K리그1,"20240630",인천,강원,인천 전용,6164.00000
676,K리그1,"20240330",수원FC,김천,수원 종합,6145.00000
677,K리그1,"20240529",강원,전북,춘천 송암,6125.00000
678,K리그1,"20240330",제주,포항,제주 월드컵,6036.00000
679,K리그1,"20240421",강원,인천,춘천 송암,6025.00000
680,K리그1,"20240302",강원,제주,춘천 송암,6021.00000
681,K리그1,"20241123",김천,서울,김천 종합,5943.00000
682,K리그2,"20241030",수원,충남아산,용인 미르,5936.00000
683,K리그1,"20240309",김천,울산,김천 종합,5852.00000
684,K리그1,"20240310",광주,강원,광주 전용,5786.00000
685,K리그2,"20240928",안양,충남아산,안양 종합,5779.00000
686,K리그2,"20240928",경남,수원,창원 축구센터,5774.00000
687,K리그2,"20240729",김포,수원,김포솔터축구장,5647.00000
688,K리그1,"20241019",김천,울산,김천 종합,5636.00000
689,K리그1,"20240714",수원FC,대구,수원 종합,5594.00000
690,K리그1,"20240710",전북,제주,전주 월드컵,5560.00000
691,K리그1,"20240901",제주,김천,제주 월드컵,5469.00000
692,K리그1,"20240427",광주,수원FC,광주 전용,5440.00000
693,K리그2,"20241102",부천,안양,부천 종합,5405.00000
694,K리그2,"20240310",천안,충북청주,천안 종합,5321.00000
695,K리그1,"20240629",대전,수원FC,대전 월드컵,5290.00000
696,K리그1,"20240710",포항,강원,포항 스틸야드,5287.00000
697,K리그1,"20240810",수원FC,대전,수원 종합,5223.00000
698,K리그2,"20240521",충남아산,수원,아산 이순신,5191.00000
699,K리그1,"20240402",포항,수원FC,포항 스틸야드,5143.00000
700,K리그1,"20240519",수원FC,포항,수원 종합,5126.00000
701,K리그2,"20240302",충북청주,전남,청주 종합,5095.00000
702,K리그2,"20240330",서울E,안양,목동 종합,5087.00000
703,K리그1,"20240825",광주,울산,광주 전용,5081.00000
704,K리그2,"20240831",안양,천안,안양 종합,5057.00000
705,K리그2,"20240720",전남,부산,광양 전용,5010.00000
706,K리그2,"20240331",전남,천안,광양 전용,5005.00000
707,K리그1,"20240430",대전,김천,대전 월드컵,4974.00000
708,K리그1,"20240414",수원FC,대전,수원 종합,4961.00000
709,K리그2,"20240512",안양,김포,안양 종합,4825.00000
710,K리그2,"20240519",성남,부산,탄천 종합,4820.00000
711,K리그1,"20240529",대전,제주,대전 월드컵,4759.00000
712,K리그2,"20240303",부산,서울E,부산 아시아드,4691.00000
713,K리그2,"20241029",안양,전남,안양 종합,4675.00000
714,K리그1,"20241102",광주,대전,광주 전용,4666.00000
715,K리그1,"20241018",포항,수원FC,포항 스틸야드,4611.00000
716,K리그2,"20240720",경남,부천,창원 축구센터,4596.00000
717,K리그1,"20240601",김천,포항,김천 종합,4574.00000
718,K리그1,"20240615",광주,김천,광주 전용,4561.00000
719,K리그1,"20240501",제주,광주,제주 월드컵,4502.00000
720,K리그2,"20240330",성남,김포,탄천 종합,4486.00000
721,K리그2,"20240925",수원,부산,용인 미르,4429.00000
722,K리그1,"20240713",제주,포항,제주 월드컵,4412.00000
723,K리그2,"20240824",전남,경남,광양 전용,4365.00000
724,K리그2,"20240921",안양,안산,안양 종합,4361.00000
725,K리그2,"20241103",전남,충북청주,광양 전용,4324.00000
726,K리그1,"20240317",김천,전북,김천 종합,4300.00000
727,K리그2,"20240714",안양,부산,안양 종합,4265.00000
728,K리그1,"20240511",강원,대전,춘천 송암,4263.00000
729,K리그1,"20240727",광주,수원FC,광주 전용,4239.00000
730,K리그1,"20240506",광주,대전,광주 전용,4221.00000
731,K리그1,"20240413",제주,김천,제주 월드컵,4211.00000
732,플레이오프,"20241128",충남아산,대구,천안 종합,4200.00000
733,K리그2,"20240601",서울E,경남,목동 종합,4188.00000
734,K리그1,"20240501",강원,포항,춘천 송암,4157.00000
735,K리그2,"20240504",김포,부천,김포솔터축구장,4143.00000
736,K리그2,"20240302",부천,천안,부천 종합,4030.00000
737,K리그2,"20240615",성남,안양,탄천 종합,4026.00000
738,K리그2,"20240615",전남,부천,광양 전용,4013.00000
739,K리그2,"20240602",안양,충북청주,안양 종합,3970.00000
740,K리그2,"20240421",경남,서울E,창원 축구센터,3909.00000
741,K리그2,"20240413",부천,성남,부천 종합,3856.00000
742,K리그1,"20240629",김천,대구,김천 종합,3832.00000
743,K리그2,"20240922",부천,김포,부천 종합,3802.00000
744,K리그2,"20240924",서울E,안양,목동 종합,3797.00000
745,K리그2,"20240622",안양,서울E,안양 종합,3767.00000
746,K리그2,"20240331",부천,경남,부천 종합,3760.00000
747,K리그2,"20241109",부산,부천,부산 구덕,3745.00000
748,K리그2,"20241027",서울E,충남아산,목동 종합,3735.00000
749,K리그2,"20240713",전남,충남아산,광양 전용,3696.00000
750,K리그2,"20240601",김포,전남,김포솔터축구장,3660.00000
751,K리그2,"20240512",경남,성남,창원 축구센터,3659.00000
752,K리그2,"20240317",충북청주,안양,청주 종합,3645.00000
753,K리그2,"20240915",전남,부산,광양 전용,3624.00000
754,K리그1,"20240625",수원FC,광주,수원 종합,3596.00000
755,K리그2,"20240518",서울E,전남,목동 종합,3563.00000
756,K리그2,"20240728",전남,서울E,광양 전용,3543.00000
757,K리그2,"20240727",안양,충남아산,안양 종합,3536.00000
758,K리그1,"20240714",김천,전북,김천 종합,3524.00000
759,K리그2,"20240515",전남,성남,광양 전용,3475.00000
760,K리그2,"20240414",전남,안산,광양 전용,3468.00000
761,K리그1,"20240922",광주,제주,광주 전용,3468.00000
762,K리그2,"20240810",서울E,부산,목동 종합,3443.00000
763,K리그1,"20240403",제주,전북,제주 월드컵,3426.00000
764,K리그1,"20240809",김천,강원,김천 종합,3402.00000
765,K리그2,"20240930",서울E,김포,목동 종합,3401.00000
766,K리그2,"20240428",전남,안양,광양 전용,3375.00000
767,K리그1,"20240528",김천,서울,김천 종합,3372.00000
768,K리그2,"20240406",충남아산,성남,아산 이순신,3352.00000
769,K리그2,"20241027",경남,성남,창원 축구센터,3344.00000
770,K리그2,"20240818",부천,서울E,부천 종합,3326.00000
771,K리그2,"20241005",부천,충북청주,부천 종합,3326.00000
772,K리그2,"20240728",경남,천안,창원 축구센터,3324.00000
773,K리그2,"20241005",부산,서울E,부산 구덕,3319.00000
774,K리그1,"20240915",김천,인천,김천 종합,3315.00000
775,K리그2,"20240915",김포,안양,김포솔터축구장,3307.00000
776,K리그2,"20241020",성남,충남아산,탄천 종합,3296.00000
777,K리그2,"20240512",부천,전남,부천 종합,3294.00000
778,K리그1,"20240825",수원FC,제주,수원 종합,3275.00000
779,K리그1,"20240825",김천,대전,김천 종합,3261.00000
780,K리그2,"20240714",서울E,성남,목동 종합,3259.00000
781,K리그1,"20240928",김천,광주,김천 종합,3238.00000
782,K리그2,"20241019",전남,안산,광양 전용,3209.00000
783,K리그2,"20240630",부천,안양,부천 종합,3190.00000
784,K리그2,"20240316",부천,서울E,부천 종합,3139.00000
785,K리그1,"20240913",광주,포항,광주 전용,3136.00000
786,K리그2,"20240915",경남,부천,창원 축구센터,3117.00000
787,K리그2,"20241103",경남,서울E,창원 축구센터,3088.00000
788,K리그2,"20240410",안양,부천,안양 종합,3087.00000
789,K리그2,"20240310",성남,안산,탄천 종합,3077.00000
790,K리그2,"20240714",부천,김포,부천 종합,3074.00000
791,K리그1,"20240921",수원FC,김천,수원 종합,3059.00000
792,K리그1,"20240403",강원,대구,춘천 송암,3056.00000
793,K리그2,"20240817",경남,충북청주,창원 축구센터,3054.00000
794,K리그1,"20240526",제주,수원FC,제주 월드컵,3052.00000
795,K리그1,"20240626",제주,인천,제주 월드컵,3044.00000
796,K리그1,"20240406",김천,광주,김천 종합,3021.00000
797,K리그2,"20240413",경남,충북청주,창원 축구센터,3019.00000
798,K리그2,"20240519",경남,김포,창원 축구센터,3010.00000
799,K리그1,"20240505",수원FC,강원,수원 종합,3008.00000
800,K리그2,"20240930",전남,부천,광양 전용,2980.00000
801,K리그1,"20240714",광주,인천,광주 전용,2969.00000
802,K리그2,"20240316",경남,충남아산,창원 축구센터,2955.00000
803,K리그2,"20240623",부천,충북청주,부천 종합,2942.00000
804,K리그2,"20240427",서울E,충남아산,목동 종합,2934.00000
805,K리그2,"20240406",서울E,김포,목동 종합,2927.00000
806,K리그2,"20240406",안양,안산,안양 종합,2873.00000
807,K리그2,"20240515",안양,경남,안양 종합,2858.00000
808,K리그2,"20241005",김포,충남아산,김포솔터축구장,2854.00000
809,K리그2,"20241102",천안,부산,천안 종합,2787.00000
810,K리그2,"20240413",부산,안양,부산 아시아드,2757.00000
811,K리그2,"20240616",김포,안산,김포솔터축구장,2750.00000
812,K리그2,"20240504",충남아산,안양,아산 이순신,2715.00000
813,K리그2,"20240922",부산,경남,부산 구덕,2714.00000
814,K리그2,"20240831",안산,서울E,안산 와스타디움,2712.00000
815,K리그2,"20240925",경남,김포,창원 축구센터,2695.00000
816,K리그1,"20240528",광주,포항,광주 전용,2687.00000
817,K리그2,"20240521",전남,충북청주,광양 전용,2674.00000
818,K리그2,"20240428",충북청주,부천,청주 종합,2668.00000
819,K리그2,"20240414",충남아산,천안,아산 이순신,2663.00000
820,K리그1,"20240505",김천,인천,김천 종합,2651.00000
821,K리그2,"20240929",안산,부산,안산 와스타디움,2638.00000
822,K리그2,"20240914",충북청주,서울E,청주 종합,2623.00000
823,K리그2,"20240616",충북청주,천안,청주 종합,2576.00000
824,K리그2,"20241109",충북청주,충남아산,청주 종합,2546.00000
825,K리그1,"20240420",수원FC,제주,수원 종합,2522.00000
826,K리그2,"20240427",부산,안산,부산 아시아드,2518.00000
827,K리그2,"20240824",부산,김포,부산 구덕,2517.00000
828,K리그2,"20240410",성남,서울E,탄천 종합,2459.00000
829,K리그2,"20240721",서울E,천안,목동 종합,2456.00000
830,K리그2,"20241109",김포,천안,김포솔터축구장,2455.00000
831,K리그1,"20241018",광주,대구,광주 전용,2447.00000
832,K리그2,"20240623",김포,부산,김포솔터축구장,2446.00000
833,K리그2,"20241026",전남,천안,광양 전용,2399.00000
834,K리그1,"20240630",광주,제주,광주 전용,2389.00000
835,K리그2,"20241029",부산,충북청주,부산 구덕,2342.00000
836,K리그1,"20240427",김천,강원,김천 종합,2338.00000
837,K리그1,"20240529",수원FC,대구,수원 종합,2328.00000
838,K리그1,"20240518",김천,제주,김천 종합,2279.00000
839,K리그2,"20240420",부천,부산,부천 종합,2278.00000
840,K리그2,"20240810",안산,부천,안산 와스타디움,2276.00000
841,K리그2,"20240317",부산,김포,부산 아시아드,2245.00000
842,K리그2,"20240407",부산,전남,부산 아시아드,2239.00000
843,K리그2,"20241026",충북청주,안양,청주 종합,2232.00000
844,K리그2,"20240526",안양,전남,안양 종합,2231.00000
845,K리그2,"20240522",경남,안산,창원 축구센터,2197.00000
846,K리그2,"20240924",충남아산,천안,아산 이순신,2182.00000
847,K리그2,"20240410",충북청주,김포,청주 종합,2175.00000
848,K리그2,"20240526",충북청주,경남,청주 종합,2168.00000
849,K리그2,"20240721",김포,안양,김포솔터축구장,2161.00000
850,K리그2,"20241026",안산,부천,안산 와스타디움,2159.00000
851,K리그2,"20240825",성남,안양,탄천 종합,2140.00000
852,K리그2,"20240602",천안,충남아산,천안 종합,2120.00000
853,K리그2,"20240901",충남아산,경남,아산 이순신,2120.00000
854,K리그2,"20240729",부산,충북청주,부산 구덕,2119.00000
855,K리그2,"20241103",성남,김포,탄천 종합,2113.00000
856,K리그2,"20240901",김포,전남,김포솔터축구장,2112.00000
857,K리그2,"20240727",성남,부천,탄천 종합,2082.00000
858,K리그2,"20241109",안산,성남,안산 와스타디움,2082.00000
859,K리그2,"20240929",충북청주,성남,청주 종합,2050.00000
860,K리그2,"20240701",경남,전남,창원 축구센터,2040.00000
861,K리그2,"20241020",천안,서울E,천안 종합,2022.00000
862,K리그2,"20240811",김포,경남,김포솔터축구장,2017.00000
863,K리그2,"20240330",충남아산,충북청주,아산 이순신,1994.00000
864,K리그2,"20240527",부천,충남아산,부천 종합,1964.00000
865,K리그2,"20240316",천안,성남,천안 종합,1962.00000
866,K리그2,"20240421",충남아산,전남,아산 이순신,1957.00000
867,K리그2,"20240629",김포,천안,김포솔터축구장,1956.00000
868,K리그2,"20240625",경남,안양,창원 축구센터,1933.00000
869,K리그1,"20240625",김천,대전,김천 종합,1925.00000
870,K리그1,"20241102",김천,수원FC,김천 종합,1910.00000
871,K리그2,"20240713",충북청주,안산,청주 종합,1892.00000
872,K리그2,"20241030",서울E,성남,목동 종합,1888.00000
873,K리그2,"20240526",성남,천안,탄천 종합,1882.00000
874,K리그2,"20240706",부산,부천,부산 구덕,1853.00000
875,K리그2,"20240522",부산,천안,부산 아시아드,1830.00000
876,K리그2,"20240522",김포,성남,김포솔터축구장,1809.00000
877,K리그2,"20241005",성남,전남,탄천 종합,1781.00000
878,K리그2,"20240407",천안,경남,천안 종합,1773.00000
879,K리그2,"20240616",충남아산,부산,아산 이순신,1768.00000
880,K리그2,"20240925",부천,성남,부천 종합,1760.00000
881,K리그2,"20240817",성남,천안,탄천 종합,1750.00000
882,K리그2,"20240817",김포,안산,김포솔터축구장,1736.00000
883,K리그2,"20240723",부산,경남,부산 구덕,1726.00000
884,K리그2,"20240506",서울E,충북청주,목동 종합,1714.00000
885,K리그2,"20241005",천안,경남,천안 종합,1685.00000
886,K리그2,"20240427",천안,김포,천안 종합,1618.00000
887,K리그2,"20240515",부천,안산,부천 종합,1602.00000
888,K리그2,"20240626",서울E,안산,목동 종합,1601.00000
889,K리그2,"20240519",천안,안양,천안 종합,1578.00000
890,K리그2,"20240706",김포,충남아산,김포솔터축구장,1573.00000
891,K리그1,"20240403",광주,인천,광주 전용,1562.00000
892,K리그2,"20240701",충남아산,서울E,아산 이순신,1562.00000
893,K리그2,"20240708",안양,천안,안양 종합,1548.00000
894,K리그2,"20240521",서울E,부천,목동 종합,1537.00000
895,K리그2,"20240914",충남아산,안산,아산 이순신,1534.00000
896,K리그2,"20241019",충북청주,김포,청주 종합,1533.00000
897,K리그2,"20240818",충남아산,부산,아산 이순신,1523.00000
898,K리그2,"20240812",충북청주,성남,청주 종합,1519.00000
899,K리그2,"20240901",부산,성남,부산 구덕,1514.00000
900,K리그2,"20240811",천안,전남,천안 종합,1496.00000
901,K리그2,"20240824",충남아산,부천,아산 이순신,1495.00000
902,K리그2,"20240724",안산,안양,안산 와스타디움,1483.00000
903,K리그2,"20240515",충북청주,부산,청주 종합,1446.00000
904,K리그2,"20240301",안산,경남,안산 와스타디움,1419.00000
905,K리그2,"20240420",성남,충북청주,탄천 종합,1415.00000
906,K리그2,"20240921",충남아산,전남,아산 이순신,1413.00000
907,K리그2,"20240724",충북청주,충남아산,청주 종합,1365.00000
908,K리그2,"20240410",천안,부산,천안 종합,1359.00000
909,K리그2,"20240629",부산,성남,부산 구덕,1350.00000
910,K리그2,"20240626",김포,충북청주,김포솔터축구장,1349.00000
911,K리그2,"20240707",안산,전남,안산 와스타디움,1335.00000
912,K리그2,"20240921",천안,충북청주,천안 종합,1313.00000
913,K리그2,"20240625",성남,충남아산,탄천 종합,1296.00000
914,K리그2,"20240724",김포,서울E,김포솔터축구장,1274.00000
915,K리그2,"20240515",충남아산,김포,아산 이순신,1183.00000
916,K리그2,"20240421",안산,김포,안산 와스타디움,1145.00000
917,K리그2,"20240518",안산,충북청주,안산 와스타디움,1145.00000
918,K리그2,"20240601",안산,성남,안산 와스타디움,1140.00000
919,K리그2,"20240410",안산,충남아산,안산 와스타디움,1123.00000
920,K리그2,"20240723",성남,전남,탄천 종합,1116.00000
921,K리그1,"20240709",김천,수원FC,김천 종합,1085.00000
922,K리그2,"20240721",충남아산,안산,아산 이순신,1061.00000
923,K리그2,"20240707",충북청주,서울E,청주 종합,1060.00000
924,K리그2,"20240505",전남,경남,광양 전용,1042.00000
925,K리그2,"20240622",충남아산,경남,아산 이순신,1034.00000
926,K리그2,"20240623",안산,천안,안산 와스타디움,1020.00000
927,K리그2,"20240826",천안,안산,천안 종합,1018.00000
928,K리그2,"20241029",천안,부천,천안 종합,1016.00000
929,K리그2,"20240506",천안,안산,천안 종합,1007.00000
930,K리그2,"20240708",성남,경남,탄천 종합,914.00000
931,K리그2,"20240626",천안,부천,천안 종합,837.00000
932,K리그2,"20240924",안산,충북청주,안산 와스타디움,781.00000
933,K리그2,"20241030",안산,경남,안산 와스타디움,570.00000
934,K리그2,"20240515",천안,서울E,천안 종합,549.00000
935,K리그2,"20240527",안산,부산,안산 와스타디움,468.00000
936,K리그2,"20240511",안산,서울E,안산 와스타디움,384.00000
937,K리그1,"20250503",서울,전북,서울 월드컵,48008.00000
938,K리그1,"20250222",서울,안양,서울 월드컵,41415.00000
939,K리그1,"20250531",전북,울산,전주 월드컵,31830.00000
940,K리그1,"20250301",울산,전북,울산 문수,26317.00000
941,K리그1,"20250524",서울,수원FC,서울 월드컵,25578.00000
942,K리그1,"20250329",서울,대구,서울 월드컵,25258.00000
943,K리그1,"20250303",서울,김천,서울 월드컵,24889.00000
944,K리그1,"20250506",전북,대전,전주 월드컵,24338.00000
945,K리그1,"20250531",서울,제주,서울 월드컵,24270.00000
946,K리그1,"20250720",서울,울산,서울 월드컵,24047.00000
947,K리그1,"20250505",울산,포항,울산 문수,23442.00000
948,K리그1,"20250621",전북,서울,전주 월드컵,22862.00000
949,K리그2,"20250615",수원,인천,수원 월드컵,22625.00000
950,K리그1,"20250517",전북,안양,전주 월드컵,21021.00000
951,K리그1,"20250405",울산,서울,울산 문수,20358.00000
952,K리그1,"20250412",서울,대전,서울 월드컵,20284.00000
953,K리그1,"20250629",서울,포항,서울 월드컵,20036.00000
954,K리그1,"20250223",대전,울산,대전 월드컵,19628.00000
955,K리그1,"20250216",전북,김천,전주 월드컵,19619.00000
956,K리그1,"20250419",서울,광주,서울 월드컵,19234.00000
957,K리그1,"20250216",울산,안양,울산 문수,18718.00000
958,K리그2,"20250301",인천,수원,인천 전용,18173.00000
959,K리그1,"20250309",울산,제주,울산 문수,16749.00000
960,K리그1,"20250524",울산,김천,울산 문수,16012.00000
961,K리그1,"20250223",전북,광주,전주 월드컵,15393.00000
962,K리그1,"20250617",서울,강원,서울 월드컵,15290.00000
963,K리그1,"20250405",대전,전북,대전 월드컵,14622.00000
964,K리그1,"20250712",울산,대구,울산 문수,14555.00000
965,K리그2,"20250315",수원,충남아산,수원 월드컵,14099.00000
966,K리그1,"20250309",전북,강원,전주 월드컵,14090.00000
967,K리그1,"20250719",포항,전북,포항 스틸야드,13973.00000
968,K리그2,"20250427",수원,성남,수원 월드컵,13948.00000
969,K리그1,"20250510",대전,서울,대전 월드컵,13706.00000
970,K리그1,"20250308",안양,김천,안양 종합,13579.00000
971,K리그1,"20250419",울산,강원,울산 문수,13536.00000
972,K리그1,"20250420",전북,대구,전주 월드컵,12897.00000
973,K리그2,"20250712",수원,충북청주,수원 월드컵,12769.00000
974,K리그1,"20250503",대전,안양,대전 월드컵,12570.00000
975,K리그1,"20250329",포항,울산,포항 스틸야드,12565.00000
976,K리그2,"20250525",수원,김포,수원 월드컵,12396.00000
977,K리그2,"20250601",수원,부천,수원 월드컵,12264.00000
978,K리그1,"20250216",대구,강원,대구iM뱅크PARK,12240.00000
979,K리그1,"20250413",대구,울산,대구iM뱅크PARK,12218.00000
980,K리그1,"20250315",대구,안양,대구iM뱅크PARK,12183.00000
981,K리그1,"20250308",대구,대전,대구iM뱅크PARK,12168.00000
982,K리그1,"20250222",대구,수원FC,대구iM뱅크PARK,12098.00000
983,K리그2,"20250525",인천,전남,인천 전용,12052.00000
984,K리그2,"20250504",인천,김포,인천 전용,11792.00000
985,K리그1,"20250518",대구,서울,대구iM뱅크PARK,11699.00000
986,K리그1,"20250329",대전,광주,대전 월드컵,11469.00000
987,K리그2,"20250629",수원,부산,수원 월드컵,11467.00000
988,K리그1,"20250617",전북,수원FC,전주 월드컵,11355.00000
989,K리그2,"20250406",수원,경남,수원 월드컵,11343.00000
990,K리그1,"20250503",대구,제주,대구iM뱅크PARK,11325.00000
991,K리그1,"20250301",포항,대구,포항 스틸야드,11207.00000
992,K리그1,"20250601",대구,광주,대구iM뱅크PARK,11111.00000
993,K리그1,"20250215",제주,서울,제주 월드컵,11049.00000
994,K리그1,"20250506",제주,강원,제주 월드컵,11017.00000
995,K리그2,"20250608",인천,부천,인천 전용,11007.00000
996,K리그1,"20250427",포항,서울,포항 스틸야드,10984.00000
997,K리그1,"20250413",전북,제주,전주 월드컵,10958.00000
998,K리그2,"20250222",안산,수원,안산 와스타디움,10956.00000
999,K리그1,"20250330",제주,수원FC,제주 월드컵,10778.00000
1000,K리그2,"20250511",수원,천안,수원 월드컵,10664.00000
1001,K리그1,"20250215",포항,대전,포항 스틸야드,10519.00000
1002,K리그1,"20250316",전북,포항,전주 월드컵,10442.00000
1003,K리그1,"20250524",대전,대구,대전 월드컵,10417.00000
1004,K리그1,"20250315",강원,서울,춘천 송암,10231.00000
1005,K리그1,"20250719",강원,대전,강릉하이원아레나,10207.00000
1006,K리그2,"20250504",충북청주,수원,청주 종합,10149.00000
1007,K리그1,"20250506",안양,서울,안양 종합,10103.00000
1008,K리그1,"20250330",안양,전북,안양 종합,10031.00000
1009,K리그1,"20250518",포항,광주,포항 스틸야드,9819.00000
1010,K리그2,"20250315",인천,서울E,인천 전용,9695.00000
1011,K리그2,"20250329",수원,전남,수원 월드컵,9692.00000
1012,K리그1,"20250502",울산,광주,울산 문수,9659.00000
1013,K리그2,"20250309",서울E,수원,목동 종합,9644.00000
1014,K리그1,"20250427",대전,강원,대전 월드컵,9412.00000
1015,K리그1,"20250617",대구,포항,대구iM뱅크PARK,9384.00000
1016,K리그2,"20250222",인천,경남,인천 전용,9363.00000
1017,K리그2,"20250713",인천,충남아산,인천 전용,9326.00000
1018,K리그1,"20250621",강원,대구,강릉하이원아레나,9256.00000
1019,K리그2,"20250621",인천,화성,인천 전용,9245.00000
1020,K리그2,"20250419",수원,화성,수원 월드컵,9238.00000
1021,K리그1,"20250601",포항,강원,포항 스틸야드,8944.00000
1022,K리그2,"20250606",성남,수원,탄천 종합,8843.00000
1023,K리그1,"20250510",포항,수원FC,포항 스틸야드,8811.00000
1024,K리그1,"20250531",안양,대전,안양 종합,8752.00000
1025,K리그1,"20250308",수원FC,서울,수원 종합,8661.00000
1026,K리그1,"20250718",대구,김천,대구iM뱅크PARK,8562.00000
1027,K리그2,"20250517",부산,수원,부산 구덕,8529.00000
1028,K리그2,"20250329",인천,부산,인천 전용,8507.00000
1029,K리그1,"20250511",광주,전북,광주 월드컵,8444.00000
1030,K리그1,"20250412",포항,안양,포항 스틸야드,8354.00000
1031,K리그1,"20250406",안양,강원,안양 종합,8127.00000
1032,K리그1,"20250511",제주,울산,제주 월드컵,8012.00000
1033,K리그1,"20250527",대구,전북,대구iM뱅크PARK,7994.00000
1034,K리그2,"20250511",전남,성남,광양 전용,7975.00000
1035,K리그2,"20250426",부천,인천,부천 종합,7561.00000
1036,K리그1,"20250614",수원FC,안양,수원 종합,7524.00000
1037,K리그1,"20250502",포항,김천,포항 스틸야드,7405.00000
1038,K리그2,"20250705",충남아산,수원,아산 이순신,7382.00000
1039,K리그1,"20250628",안양,광주,안양 종합,7253.00000
1040,K리그1,"20250302",대전,수원FC,대전 월드컵,7220.00000
1041,K리그1,"20250426",수원FC,전북,수원 종합,7131.00000
1042,K리그1,"20250719",제주,안양,제주 월드컵,7120.00000
1043,K리그1,"20250627",대전,제주,대전 월드컵,7097.00000
1044,K리그2,"20250607",전남,서울E,광양 전용,6946.00000
1045,K리그1,"20250517",강원,울산,춘천 송암,6920.00000
1046,K리그1,"20250401",울산,대전,울산 문수,6902.00000
1047,K리그1,"20250614",제주,대구,제주 월드컵,6542.00000
1048,K리그1,"20250223",강원,포항,춘천 송암,6539.00000
1049,K리그2,"20250330",충남아산,성남,아산 이순신,6519.00000
1050,K리그1,"20250510",안양,대구,안양 종합,6365.00000
1051,K리그2,"20250518",안산,인천,안산 와스타디움,6282.00000
1052,K리그1,"20250505",광주,김천,광주 월드컵,6238.00000
1053,K리그1,"20250523",제주,전북,제주 월드컵,6224.00000
1054,K리그1,"20250613",강원,전북,춘천 송암,6219.00000
1055,K리그1,"20250621",포항,제주,포항 스틸야드,6204.00000
1056,K리그1,"20250523",안양,포항,안양 종합,6124.00000
1057,K리그2,"20250316",경남,전남,창원 축구센터,5969.00000
1058,K리그2,"20250719",전남,수원,광양 전용,5945.00000
1059,K리그1,"20250426",안양,제주,안양 종합,5939.00000
1060,K리그2,"20250412",부천,수원,부천 종합,5936.00000
1061,K리그1,"20250527",대전,포항,대전 월드컵,5833.00000
1062,K리그1,"20250222",제주,김천,제주 월드컵,5733.00000
1063,K리그1,"20250423",안양,울산,안양 종합,5592.00000
1064,K리그1,"20250316",수원FC,울산,수원 종합,5557.00000
1065,K리그2,"20250413",인천,충북청주,인천 전용,5542.00000
1066,K리그1,"20250420",제주,포항,제주 월드컵,5531.00000
1067,K리그1,"20250618",제주,광주,제주 월드컵,5307.00000
1068,K리그2,"20250629",김포,인천,김포솔터축구장,5298.00000
1069,K리그2,"20250705",전남,인천,광양 전용,5149.00000
1070,K리그1,"20250503",강원,수원FC,춘천 송암,5105.00000
1071,K리그1,"20250413",강원,광주,춘천 송암,5080.00000
1072,K리그1,"20250618",대전,김천,대전 월드컵,5016.00000
1073,K리그1,"20250302",강원,제주,춘천 송암,5009.00000
1074,K리그2,"20250309",성남,인천,탄천 종합,4891.00000
1075,K리그1,"20250215",광주,수원FC,광주 월드컵,4690.00000
1076,K리그1,"20250315",제주,대전,제주 월드컵,4651.00000
1077,K리그2,"20250419",인천,천안,인천 전용,4637.00000
1078,K리그1,"20250525",광주,강원,광주 월드컵,4554.00000
1079,K리그1,"20250322",광주,포항,광주 월드컵,4544.00000
1080,K리그1,"20250419",안양,수원FC,안양 종합,4508.00000
1081,K리그2,"20250531",서울E,부산,목동 종합,4482.00000
1082,K리그2,"20250518",전남,충북청주,광양 전용,4378.00000
1083,K리그2,"20250622",경남,수원,창원 축구센터,4329.00000
1084,K리그2,"20250510",충남아산,인천,아산 이순신,4204.00000
1085,K리그2,"20250607",부산,안산,부산 구덕,4132.00000
1086,K리그2,"20250222",부산,김포,부산 구덕,4101.00000
1087,K리그2,"20250601",천안,인천,천안 종합,4032.00000
1088,K리그2,"20250308",김포,충북청주,김포솔터축구장,4017.00000
1089,K리그2,"20250406",충남아산,충북청주,아산 이순신,3871.00000
1090,K리그1,"20250406",광주,제주,광주 월드컵,3858.00000
1091,K리그1,"20250627",김천,전북,김천 종합,3840.00000
1092,K리그2,"20250531",전남,화성,광양 전용,3784.00000
1093,K리그1,"20250405",김천,대구,김천 종합,3740.00000
1094,K리그2,"20250302",화성,충남아산,화성 종합,3731.00000
1095,K리그1,"20250511",강원,김천,춘천 송암,3628.00000
1096,K리그2,"20250223",서울E,충남아산,목동 종합,3592.00000
1097,K리그2,"20250223",부천,충북청주,부천 종합,3590.00000
1098,K리그1,"20250518",수원FC,대전,수원 종합,3579.00000
1099,K리그2,"20250614",부천,서울E,부천 종합,3440.00000
1100,K리그2,"20250504",성남,서울E,탄천 종합,3421.00000
1101,K리그1,"20250628",수원FC,강원,수원 종합,3401.00000
1102,K리그2,"20250426",서울E,경남,목동 종합,3383.00000
1103,K리그1,"20250301",광주,안양,광주 월드컵,3319.00000
1104,K리그2,"20250223",성남,화성,탄천 종합,3314.00000
1105,K리그1,"20250427",김천,울산,김천 종합,3300.00000
1106,K리그2,"20250427",김포,전남,김포솔터축구장,3279.00000
1107,K리그2,"20250308",부천,부산,부천 종합,3277.00000
1108,K리그2,"20250504",부산,충남아산,부산 구덕,3240.00000
1109,K리그2,"20250720",경남,인천,창원 축구센터,3214.00000
1110,K리그1,"20250316",김천,광주,김천 종합,3193.00000
1111,K리그2,"20250406",김포,부천,김포솔터축구장,3176.00000
1112,K리그2,"20250309",천안,충남아산,천안 종합,3163.00000
1113,K리그2,"20250330",서울E,부천,목동 종합,3140.00000
1114,K리그1,"20250528",강원,안양,춘천 송암,3135.00000
1115,K리그2,"20250420",충남아산,전남,아산 이순신,3131.00000
1116,K리그2,"20250315",김포,성남,김포솔터축구장,3126.00000
1117,K리그1,"20250506",수원FC,대구,수원 종합,3114.00000
1118,K리그2,"20250524",성남,부산,탄천 종합,3108.00000
1119,K리그1,"20250622",광주,대전,광주 월드컵,3055.00000
1120,K리그2,"20250607",경남,화성,창원 축구센터,3053.00000
1121,K리그1,"20250528",광주,울산,광주 월드컵,2933.00000
1122,K리그1,"20250405",수원FC,포항,수원 종합,2924.00000
1123,K리그2,"20250517",부천,화성,부천 종합,2891.00000
1124,K리그2,"20250712",전남,경남,광양 전용,2851.00000
1125,K리그2,"20250606",충북청주,충남아산,청주 종합,2793.00000
1126,K리그1,"20250419",김천,대전,김천 종합,2789.00000
1127,K리그2,"20250719",김포,안산,김포솔터축구장,2779.00000
1128,K리그2,"20250621",천안,서울E,천안 종합,2777.00000
1129,K리그2,"20250427",부산,화성,부산 구덕,2769.00000
1130,K리그2,"20250222",천안,전남,천안 종합,2764.00000
1131,K리그1,"20250613",광주,서울,광주 월드컵,2746.00000
1132,K리그2,"20250504",부천,전남,부천 종합,2698.00000
1133,K리그2,"20250329",경남,충북청주,창원 축구센터,2696.00000
1134,K리그2,"20250719",서울E,성남,목동 종합,2690.00000
1135,K리그1,"20250614",김천,포항,김천 종합,2681.00000
1136,K리그2,"20250622",부산,충북청주,부산 구덕,2673.00000
1137,K리그2,"20250622",전남,김포,광양 전용,2662.00000
1138,K리그2,"20250302",부산,경남,부산 구덕,2610.00000
1139,K리그2,"20250517",경남,충남아산,창원 축구센터,2610.00000
1140,K리그2,"20250712",부산,성남,부산 구덕,2606.00000
1141,K리그2,"20250510",경남,부천,창원 축구센터,2604.00000
1142,K리그2,"20250301",서울E,전남,목동 종합,2554.00000
1143,K리그2,"20250531",안산,성남,안산 와스타디움,2548.00000
1144,K리그2,"20250713",부천,김포,부천 종합,2544.00000
1145,K리그2,"20250621",성남,충남아산,탄천 종합,2487.00000
1146,K리그2,"20250517",천안,성남,천안 종합,2470.00000
1147,K리그2,"20250316",부천,안산,부천 종합,2462.00000
1148,K리그2,"20250525",충남아산,부천,아산 이순신,2461.00000
1149,K리그2,"20250524",경남,천안,창원 축구센터,2434.00000
1150,K리그2,"20250628",부천,경남,부천 종합,2429.00000
1151,K리그2,"20250420",안산,부산,안산 와스타디움,2424.00000
1152,K리그2,"20250510",서울E,안산,목동 종합,2408.00000
1153,K리그2,"20250615",전남,부산,광양 전용,2387.00000
1154,K리그2,"20250614",충남아산,천안,아산 이순신,2340.00000
1155,K리그2,"20250413",부산,서울E,부산 구덕,2321.00000
1156,K리그2,"20250511",충북청주,부산,청주 종합,2321.00000
1157,K리그2,"20250420",경남,김포,창원 축구센터,2318.00000
1158,K리그2,"20250720",부천,충남아산,부천 종합,2297.00000
1159,K리그2,"20250406",성남,안산,탄천 종합,2291.00000
1160,K리그2,"20250405",화성,인천,화성 종합,2279.00000
1161,K리그2,"20250518",김포,서울E,김포솔터축구장,2265.00000
1162,K리그2,"20250419",성남,부천,탄천 종합,2223.00000
1163,K리그2,"20250712",천안,화성,천안 종합,2218.00000
1164,K리그2,"20250412",경남,성남,창원 축구센터,2162.00000
1165,K리그2,"20250705",경남,안산,창원 축구센터,2157.00000
1166,K리그2,"20250601",충남아산,김포,아산 이순신,2149.00000
1167,K리그2,"20250405",서울E,천안,목동 종합,2136.00000
1168,K리그2,"20250524",화성,서울E,화성 종합,2120.00000
1169,K리그2,"20250405",부산,전남,부산 구덕,2081.00000
1170,K리그1,"20250412",수원FC,김천,수원 종합,2066.00000
1171,K리그2,"20250608",김포,천안,김포솔터축구장,2053.00000
1172,K리그2,"20250426",충남아산,안산,아산 이순신,2043.00000
1173,K리그1,"20250528",김천,서울,김천 종합,2040.00000
1174,K리그1,"20250718",수원FC,광주,수원 종합,2036.00000
1175,K리그1,"20250330",김천,강원,김천 종합,2026.00000
1176,K리그2,"20250510",김포,화성,김포솔터축구장,2022.00000
1177,K리그2,"20250303",성남,충북청주,탄천 종합,2015.00000
1178,K리그2,"20250706",화성,부천,화성 종합,2013.00000
1179,K리그1,"20250409",광주,대구,광주 월드컵,1983.00000
1180,K리그2,"20250706",성남,천안,탄천 종합,1979.00000
1181,K리그2,"20250621",안산,부천,안산 와스타디움,1950.00000
1182,K리그2,"20250720",충북청주,천안,청주 종합,1939.00000
1183,K리그2,"20250419",서울E,충북청주,목동 종합,1888.00000
1184,K리그1,"20250527",수원FC,제주,수원 종합,1884.00000
1185,K리그2,"20250504",안산,경남,안산 와스타디움,1864.00000
1186,K리그2,"20250531",충북청주,경남,청주 종합,1863.00000
1187,K리그2,"20250628",안산,천안,안산 와스타디움,1854.00000
1188,K리그2,"20250706",김포,부산,김포솔터축구장,1821.00000
1189,K리그2,"20250316",부산,천안,부산 구덕,1812.00000
1190,K리그2,"20250614",충북청주,성남,청주 종합,1806.00000
1191,K리그2,"20250628",충남아산,서울E,아산 이순신,1784.00000
1192,K리그1,"20250622",김천,안양,김천 종합,1774.00000
1193,K리그1,"20250517",김천,제주,김천 종합,1771.00000
1194,K리그2,"20250329",안산,화성,안산 와스타디움,1768.00000
1195,K리그2,"20250615",김포,경남,김포솔터축구장,1762.00000
1196,K리그2,"20250713",안산,서울E,안산 와스타디움,1743.00000
1197,K리그2,"20250315",화성,충북청주,화성 종합,1735.00000
1198,K리그2,"20250504",화성,천안,화성 종합,1712.00000
1199,K리그2,"20250705",충북청주,서울E,청주 종합,1659.00000
1200,K리그2,"20250629",충북청주,전남,청주 종합,1550.00000
1201,K리그2,"20250524",충북청주,안산,청주 종합,1539.00000
1202,K리그1,"20250601",김천,수원FC,김천 종합,1533.00000
1203,K리그2,"20250628",화성,성남,화성 종합,1519.00000
1204,K리그2,"20250412",김포,충남아산,김포솔터축구장,1494.00000
1205,K리그2,"20250308",안산,전남,안산 와스타디움,1447.00000
1206,K리그2,"20250301",안산,김포,안산 와스타디움,1444.00000
1207,K리그2,"20250308",화성,경남,화성 종합,1425.00000
1208,K리그2,"20250426",천안,충북청주,천안 종합,1411.00000
1209,K리그2,"20250719",화성,부산,화성 종합,1293.00000
1210,K리그2,"20250330",천안,김포,천안 종합,1283.00000
1211,K리그2,"20250615",화성,안산,화성 종합,1259.00000
1212,K리그2,"20250302",천안,부천,천안 종합,1198.00000
1213,K리그2,"20250412",화성,전남,화성 종합,1036.00000
1214,K리그2,"20250413",천안,안산,천안 종합,1021.00000
