MATCH_DE,BASE_YEAR,BASE_MT,BASE_DAY,GRP_NM,LEA_NM,HOME_TEAM_NM,AWAY_TEAM_NM,STDM_NM,SPORTS_VIEWNG_NMPR_CO,COLCT_DE,UPDT_DE
20250505,2025,05,05,KBL,챔피언결정전,SK,LG,잠실학생체육관,0.00000,20250715,20250715
20250507,2025,05,07,KBL,챔피언결정전,SK,LG,잠실학생체육관,0.00000,20250715,20250715
20250509,2025,05,09,KBL,챔피언결정전,LG,SK,창원체육관,0.00000,20250715,20250715
20250511,2025,05,11,KBL,챔피언결정전,LG,SK,창원체육관,0.00000,20250715,20250715
20250513,2025,05,13,KBL,챔피언결정전,SK,LG,잠실학생체육관,0.00000,20250715,20250715
20250515,2025,05,15,KBL,챔피언결정전,LG,SK,창원체육관,0.00000,20250715,20250715
20250517,2025,05,17,KBL,챔피언결정전,SK,LG,잠실학생체육관,0.00000,20250715,20250715
20250401,2025,04,01,KBL,정규시즌,삼성,한국가스공사,잠실실내체육관,0.00000,20250715,20250715
20250402,2025,04,02,KBL,정규시즌,KCC,소노,부산사직체육관,0.00000,20250715,20250715
20250403,2025,04,03,KBL,정규시즌,LG,정관장,창원체육관,0.00000,20250715,20250715
20250403,2025,04,03,KBL,정규시즌,현대모비스,KT,울산동천체육관,0.00000,20250715,20250715
20250404,2025,04,04,KBL,정규시즌,KCC,삼성,부산사직체육관,0.00000,20250715,20250715
20250404,2025,04,04,KBL,정규시즌,소노,DB,고양 소노 아레나,0.00000,20250715,20250715
20250405,2025,04,05,KBL,정규시즌,현대모비스,LG,울산동천체육관,0.00000,20250715,20250715
20250405,2025,04,05,KBL,정규시즌,정관장,SK,안양 정관장 아레나,0.00000,20250715,20250715
20250405,2025,04,05,KBL,정규시즌,한국가스공사,KT,대구체육관,0.00000,20250715,20250715
20250406,2025,04,06,KBL,정규시즌,SK,소노,잠실학생체육관,0.00000,20250715,20250715
20250406,2025,04,06,KBL,정규시즌,현대모비스,삼성,울산동천체육관,0.00000,20250715,20250715
20250406,2025,04,06,KBL,정규시즌,DB,KCC,원주종합체육관,0.00000,20250715,20250715
20250407,2025,04,07,KBL,챔피언결정전,상무,KT,이천 LG 챔피언스파크,0.00000,20250715,20250715
20250408,2025,04,08,KBL,정규시즌,KT,KCC,수원 KT 아레나,0.00000,20250715,20250715
20250408,2025,04,08,KBL,정규시즌,DB,정관장,원주종합체육관,0.00000,20250715,20250715
20250408,2025,04,08,KBL,정규시즌,SK,삼성,잠실학생체육관,0.00000,20250715,20250715
20250408,2025,04,08,KBL,정규시즌,한국가스공사,현대모비스,대구체육관,0.00000,20250715,20250715
20250408,2025,04,08,KBL,정규시즌,소노,LG,고양 소노 아레나,0.00000,20250715,20250715
20250412,2025,04,12,KBL,플레이오프,KT,한국가스공사,수원 KT 아레나,0.00000,20250715,20250715
20250413,2025,04,13,KBL,플레이오프,현대모비스,정관장,울산동천체육관,0.00000,20250715,20250715
20250414,2025,04,14,KBL,플레이오프,KT,한국가스공사,수원 KT 아레나,0.00000,20250715,20250715
20250415,2025,04,15,KBL,플레이오프,현대모비스,정관장,울산동천체육관,0.00000,20250715,20250715
20250416,2025,04,16,KBL,플레이오프,한국가스공사,KT,대구체육관,0.00000,20250715,20250715
20250417,2025,04,17,KBL,플레이오프,정관장,현대모비스,안양 정관장 아레나,0.00000,20250715,20250715
20250418,2025,04,18,KBL,플레이오프,한국가스공사,KT,대구체육관,0.00000,20250715,20250715
20250420,2025,04,20,KBL,플레이오프,KT,한국가스공사,수원 KT 아레나,0.00000,20250715,20250715
20250423,2025,04,23,KBL,플레이오프,SK,KT,잠실학생체육관,0.00000,20250715,20250715
20250424,2025,04,24,KBL,플레이오프,LG,현대모비스,창원체육관,0.00000,20250715,20250715
20250425,2025,04,25,KBL,플레이오프,SK,KT,잠실학생체육관,0.00000,20250715,20250715
20250426,2025,04,26,KBL,플레이오프,LG,현대모비스,창원체육관,0.00000,20250715,20250715
20250427,2025,04,27,KBL,플레이오프,KT,SK,수원 KT 아레나,0.00000,20250715,20250715
20250428,2025,04,28,KBL,플레이오프,현대모비스,LG,울산동천체육관,0.00000,20250715,20250715
20250429,2025,04,29,KBL,플레이오프,KT,SK,수원 KT 아레나,0.00000,20250715,20250715
20250301,2025,03,01,KBL,정규시즌,DB,소노,원주종합체육관,0.00000,20250715,20250715
20250301,2025,03,01,KBL,정규시즌,삼성,한국가스공사,잠실실내체육관,0.00000,20250715,20250715
20250301,2025,03,01,KBL,정규시즌,LG,정관장,창원체육관,0.00000,20250715,20250715
20250302,2025,03,02,KBL,정규시즌,SK,KCC,잠실학생체육관,0.00000,20250715,20250715
20250302,2025,03,02,KBL,정규시즌,현대모비스,KT,울산동천체육관,0.00000,20250715,20250715
20250302,2025,03,02,KBL,정규시즌,소노,한국가스공사,고양 소노 아레나,0.00000,20250715,20250715
20250303,2025,03,03,KBL,정규시즌,DB,LG,원주종합체육관,0.00000,20250715,20250715
20250303,2025,03,03,KBL,정규시즌,삼성,정관장,잠실실내체육관,0.00000,20250715,20250715
20250304,2025,03,04,KBL,정규시즌,KT,한국가스공사,수원 KT 아레나,0.00000,20250715,20250715
20250305,2025,03,05,KBL,정규시즌,삼성,SK,잠실실내체육관,0.00000,20250715,20250715
20250306,2025,03,06,KBL,정규시즌,현대모비스,DB,울산동천체육관,0.00000,20250715,20250715
20250307,2025,03,07,KBL,정규시즌,한국가스공사,LG,대구체육관,0.00000,20250715,20250715
20250307,2025,03,07,KBL,정규시즌,소노,SK,고양 소노 아레나,0.00000,20250715,20250715
20250308,2025,03,08,KBL,정규시즌,DB,삼성,원주종합체육관,0.00000,20250715,20250715
20250308,2025,03,08,KBL,정규시즌,정관장,현대모비스,안양 정관장 아레나,0.00000,20250715,20250715
20250309,2025,03,09,KBL,정규시즌,SK,한국가스공사,잠실학생체육관,0.00000,20250715,20250715
20250309,2025,03,09,KBL,정규시즌,LG,소노,창원체육관,0.00000,20250715,20250715
20250310,2025,03,10,KBL,정규시즌,정관장,DB,안양 정관장 아레나,0.00000,20250715,20250715
20250311,2025,03,11,KBL,정규시즌,현대모비스,삼성,울산동천체육관,0.00000,20250715,20250715
20250312,2025,03,12,KBL,정규시즌,한국가스공사,정관장,대구체육관,0.00000,20250715,20250715
20250313,2025,03,13,KBL,정규시즌,KCC,삼성,부산사직체육관,0.00000,20250715,20250715
20250313,2025,03,13,KBL,정규시즌,KT,소노,수원 KT 아레나,0.00000,20250715,20250715
20250314,2025,03,14,KBL,정규시즌,LG,현대모비스,창원체육관,0.00000,20250715,20250715
20250314,2025,03,14,KBL,정규시즌,SK,DB,잠실학생체육관,0.00000,20250715,20250715
20250315,2025,03,15,KBL,정규시즌,한국가스공사,KCC,대구체육관,0.00000,20250715,20250715
20250315,2025,03,15,KBL,정규시즌,삼성,KT,잠실실내체육관,0.00000,20250715,20250715
20250315,2025,03,15,KBL,정규시즌,소노,정관장,고양 소노 아레나,0.00000,20250715,20250715
20250316,2025,03,16,KBL,정규시즌,KT,LG,수원 KT 아레나,0.00000,20250715,20250715
20250316,2025,03,16,KBL,정규시즌,현대모비스,KCC,울산동천체육관,0.00000,20250715,20250715
20250316,2025,03,16,KBL,정규시즌,DB,SK,원주종합체육관,0.00000,20250715,20250715
20250317,2025,03,17,KBL,정규시즌,한국가스공사,정관장,대구체육관,0.00000,20250715,20250715
20250318,2025,03,18,KBL,D리그 1차,삼성,SK,이천 LG 챔피언스파크,0.00000,20250715,20250715
20250318,2025,03,18,KBL,D리그 1차,LG,KT,이천 LG 챔피언스파크,0.00000,20250715,20250715
20250318,2025,03,18,KBL,정규시즌,현대모비스,KCC,울산동천체육관,0.00000,20250715,20250715
20250319,2025,03,19,KBL,정규시즌,KT,SK,수원 KT 아레나,0.00000,20250715,20250715
20250320,2025,03,20,KBL,D리그 1차,KCC,현대모비스,이천 LG 챔피언스파크,0.00000,20250715,20250715
20250320,2025,03,20,KBL,D리그 1차,삼성,상무,이천 LG 챔피언스파크,0.00000,20250715,20250715
20250320,2025,03,20,KBL,정규시즌,소노,한국가스공사,고양 소노 아레나,0.00000,20250715,20250715
20250320,2025,03,20,KBL,정규시즌,LG,DB,창원체육관,0.00000,20250715,20250715
20250321,2025,03,21,KBL,정규시즌,SK,현대모비스,잠실학생체육관,0.00000,20250715,20250715
20250321,2025,03,21,KBL,정규시즌,정관장,KCC,안양 정관장 아레나,0.00000,20250715,20250715
20250322,2025,03,22,KBL,정규시즌,LG,KT,창원체육관,0.00000,20250715,20250715
20250322,2025,03,22,KBL,정규시즌,한국가스공사,DB,대구체육관,0.00000,20250715,20250715
20250322,2025,03,22,KBL,정규시즌,소노,삼성,고양 소노 아레나,0.00000,20250715,20250715
20250323,2025,03,23,KBL,정규시즌,SK,KCC,잠실학생체육관,0.00000,20250715,20250715
20250323,2025,03,23,KBL,정규시즌,정관장,현대모비스,안양 정관장 아레나,0.00000,20250715,20250715
20250323,2025,03,23,KBL,정규시즌,LG,한국가스공사,창원체육관,0.00000,20250715,20250715
20250324,2025,03,24,KBL,정규시즌,삼성,KT,잠실실내체육관,0.00000,20250715,20250715
20250325,2025,03,25,KBL,플레이오프,상무,SK,이천 LG 챔피언스파크,0.00000,20250715,20250715
20250325,2025,03,25,KBL,플레이오프,현대모비스,KT,이천 LG 챔피언스파크,0.00000,20250715,20250715
20250325,2025,03,25,KBL,정규시즌,정관장,소노,안양 정관장 아레나,0.00000,20250715,20250715
20250326,2025,03,26,KBL,정규시즌,삼성,LG,잠실실내체육관,0.00000,20250715,20250715
20250327,2025,03,27,KBL,정규시즌,KT,소노,수원 KT 아레나,0.00000,20250715,20250715
20250327,2025,03,27,KBL,정규시즌,DB,현대모비스,원주종합체육관,0.00000,20250715,20250715
20250328,2025,03,28,KBL,정규시즌,KCC,한국가스공사,부산사직체육관,0.00000,20250715,20250715
20250328,2025,03,28,KBL,정규시즌,SK,LG,잠실학생체육관,0.00000,20250715,20250715
20250329,2025,03,29,KBL,정규시즌,현대모비스,소노,울산동천체육관,0.00000,20250715,20250715
20250329,2025,03,29,KBL,정규시즌,삼성,정관장,잠실실내체육관,0.00000,20250715,20250715
20250329,2025,03,29,KBL,정규시즌,KT,DB,수원 KT 아레나,0.00000,20250715,20250715
20250330,2025,03,30,KBL,정규시즌,KCC,LG,부산사직체육관,0.00000,20250715,20250715
20250330,2025,03,30,KBL,정규시즌,한국가스공사,SK,대구체육관,0.00000,20250715,20250715
20250330,2025,03,30,KBL,정규시즌,삼성,DB,잠실실내체육관,0.00000,20250715,20250715
20250331,2025,03,31,KBL,정규시즌,정관장,KT,안양 정관장 아레나,0.00000,20250715,20250715
20250201,2025,02,01,KBL,정규시즌,DB,LG,원주종합체육관,0.00000,20250715,20250715
20250201,2025,02,01,KBL,정규시즌,한국가스공사,SK,대구체육관,0.00000,20250715,20250715
20250201,2025,02,01,KBL,정규시즌,정관장,현대모비스,안양 정관장 아레나,0.00000,20250715,20250715
20250202,2025,02,02,KBL,정규시즌,KCC,KT,부산사직체육관,0.00000,20250715,20250715
20250202,2025,02,02,KBL,정규시즌,한국가스공사,삼성,대구체육관,0.00000,20250715,20250715
20250202,2025,02,02,KBL,정규시즌,소노,DB,고양 소노 아레나,0.00000,20250715,20250715
20250203,2025,02,03,KBL,정규시즌,SK,LG,잠실학생체육관,0.00000,20250715,20250715
20250204,2025,02,04,KBL,D리그 1차,상무,한국가스공사,이천 LG 챔피언스파크,0.00000,20250715,20250715
20250204,2025,02,04,KBL,D리그 1차,KT,SK,이천 LG 챔피언스파크,0.00000,20250715,20250715
20250204,2025,02,04,KBL,정규시즌,KCC,정관장,부산사직체육관,0.00000,20250715,20250715
20250205,2025,02,05,KBL,정규시즌,삼성,현대모비스,잠실실내체육관,0.00000,20250715,20250715
20250206,2025,02,06,KBL,정규시즌,LG,KCC,창원체육관,0.00000,20250715,20250715
20250206,2025,02,06,KBL,정규시즌,SK,KT,잠실학생체육관,0.00000,20250715,20250715
20250207,2025,02,07,KBL,정규시즌,현대모비스,한국가스공사,울산동천체육관,0.00000,20250715,20250715
20250207,2025,02,07,KBL,정규시즌,삼성,소노,잠실실내체육관,0.00000,20250715,20250715
20250208,2025,02,08,KBL,정규시즌,KCC,LG,부산사직체육관,0.00000,20250715,20250715
20250208,2025,02,08,KBL,정규시즌,SK,정관장,잠실학생체육관,0.00000,20250715,20250715
20250208,2025,02,08,KBL,정규시즌,KT,DB,수원 KT 아레나,0.00000,20250715,20250715
20250209,2025,02,09,KBL,정규시즌,한국가스공사,현대모비스,대구체육관,0.00000,20250715,20250715
20250209,2025,02,09,KBL,정규시즌,삼성,소노,잠실실내체육관,0.00000,20250715,20250715
20250209,2025,02,09,KBL,정규시즌,KT,SK,수원 KT 아레나,0.00000,20250715,20250715
20250210,2025,02,10,KBL,정규시즌,정관장,KCC,안양 정관장 아레나,0.00000,20250715,20250715
20250211,2025,02,11,KBL,정규시즌,소노,현대모비스,고양 소노 아레나,0.00000,20250715,20250715
20250212,2025,02,12,KBL,정규시즌,SK,LG,잠실학생체육관,0.00000,20250715,20250715
20250213,2025,02,13,KBL,정규시즌,DB,KCC,원주종합체육관,0.00000,20250715,20250715
20250214,2025,02,14,KBL,D리그 1차,LG,한국가스공사,이천 LG 챔피언스파크,0.00000,20250715,20250715
20250214,2025,02,14,KBL,D리그 1차,현대모비스,상무,이천 LG 챔피언스파크,0.00000,20250715,20250715
20250215,2025,02,15,KBL,D리그 1차,SK,KCC,이천 LG 챔피언스파크,0.00000,20250715,20250715
20250215,2025,02,15,KBL,D리그 1차,현대모비스,LG,이천 LG 챔피언스파크,0.00000,20250715,20250715
20250217,2025,02,17,KBL,D리그 1차,삼성,현대모비스,이천 LG 챔피언스파크,0.00000,20250715,20250715
20250217,2025,02,17,KBL,D리그 1차,KT,LG,이천 LG 챔피언스파크,0.00000,20250715,20250715
20250218,2025,02,18,KBL,D리그 1차,상무,KCC,이천 LG 챔피언스파크,0.00000,20250715,20250715
20250218,2025,02,18,KBL,D리그 1차,현대모비스,SK,이천 LG 챔피언스파크,0.00000,20250715,20250715
20250219,2025,02,19,KBL,D리그 1차,상무,삼성,이천 LG 챔피언스파크,0.00000,20250715,20250715
20250219,2025,02,19,KBL,D리그 1차,KCC,한국가스공사,이천 LG 챔피언스파크,0.00000,20250715,20250715
20250220,2025,02,20,KBL,D리그 1차,SK,상무,이천 LG 챔피언스파크,0.00000,20250715,20250715
20250220,2025,02,20,KBL,D리그 1차,한국가스공사,삼성,이천 LG 챔피언스파크,0.00000,20250715,20250715
20250221,2025,02,21,KBL,D리그 1차,현대모비스,KCC,이천 LG 챔피언스파크,0.00000,20250715,20250715
20250221,2025,02,21,KBL,D리그 1차,한국가스공사,KT,이천 LG 챔피언스파크,0.00000,20250715,20250715
20250222,2025,02,22,KBL,D리그 1차,LG,KCC,이천 LG 챔피언스파크,0.00000,20250715,20250715
20250222,2025,02,22,KBL,D리그 1차,KT,삼성,이천 LG 챔피언스파크,0.00000,20250715,20250715
20250224,2025,02,24,KBL,D리그 1차,KT,한국가스공사,이천 LG 챔피언스파크,0.00000,20250715,20250715
20250224,2025,02,24,KBL,D리그 1차,KCC,LG,이천 LG 챔피언스파크,0.00000,20250715,20250715
20250225,2025,02,25,KBL,D리그 1차,SK,한국가스공사,이천 LG 챔피언스파크,0.00000,20250715,20250715
20250225,2025,02,25,KBL,D리그 1차,삼성,LG,이천 LG 챔피언스파크,0.00000,20250715,20250715
20250226,2025,02,26,KBL,정규시즌,KCC,소노,부산사직체육관,0.00000,20250715,20250715
20250226,2025,02,26,KBL,정규시즌,정관장,KT,안양 정관장 아레나,0.00000,20250715,20250715
20250227,2025,02,27,KBL,정규시즌,DB,한국가스공사,원주종합체육관,0.00000,20250715,20250715
20250227,2025,02,27,KBL,정규시즌,LG,삼성,창원체육관,0.00000,20250715,20250715
20250228,2025,02,28,KBL,정규시즌,KCC,KT,부산사직체육관,0.00000,20250715,20250715
20250228,2025,02,28,KBL,정규시즌,현대모비스,SK,울산동천체육관,0.00000,20250715,20250715
20250101,2025,01,01,KBL,정규시즌,KT,KCC,수원 KT 아레나,0.00000,20250715,20250715
20250101,2025,01,01,KBL,정규시즌,LG,SK,창원체육관,0.00000,20250715,20250715
20250101,2025,01,01,KBL,정규시즌,정관장,소노,안양 정관장 아레나,0.00000,20250715,20250715
20250102,2025,01,02,KBL,정규시즌,삼성,DB,잠실실내체육관,0.00000,20250715,20250715
20250103,2025,01,03,KBL,정규시즌,KT,정관장,수원 KT 아레나,0.00000,20250715,20250715
20250103,2025,01,03,KBL,정규시즌,SK,소노,잠실학생체육관,0.00000,20250715,20250715
20250104,2025,01,04,KBL,정규시즌,현대모비스,LG,울산동천체육관,0.00000,20250715,20250715
20250104,2025,01,04,KBL,정규시즌,삼성,한국가스공사,잠실실내체육관,0.00000,20250715,20250715
20250104,2025,01,04,KBL,정규시즌,KCC,DB,부산사직체육관,0.00000,20250715,20250715
20250105,2025,01,05,KBL,정규시즌,LG,소노,창원체육관,0.00000,20250715,20250715
20250105,2025,01,05,KBL,정규시즌,SK,KT,잠실학생체육관,0.00000,20250715,20250715
20250105,2025,01,05,KBL,정규시즌,정관장,한국가스공사,안양 정관장 아레나,0.00000,20250715,20250715
20250106,2025,01,06,KBL,정규시즌,삼성,KCC,잠실실내체육관,0.00000,20250715,20250715
20250107,2025,01,07,KBL,D리그 1차,LG,상무,이천 LG 챔피언스파크,0.00000,20250715,20250715
20250107,2025,01,07,KBL,D리그 1차,KCC,삼성,이천 LG 챔피언스파크,0.00000,20250715,20250715
20250107,2025,01,07,KBL,정규시즌,SK,한국가스공사,잠실학생체육관,0.00000,20250715,20250715
20250108,2025,01,08,KBL,정규시즌,현대모비스,정관장,울산동천체육관,0.00000,20250715,20250715
20250109,2025,01,09,KBL,정규시즌,삼성,LG,잠실실내체육관,0.00000,20250715,20250715
20250109,2025,01,09,KBL,정규시즌,소노,KCC,고양 소노 아레나,0.00000,20250715,20250715
20250110,2025,01,10,KBL,정규시즌,SK,현대모비스,잠실학생체육관,0.00000,20250715,20250715
20250110,2025,01,10,KBL,정규시즌,한국가스공사,DB,대구체육관,0.00000,20250715,20250715
20250111,2025,01,11,KBL,정규시즌,KT,삼성,수원 KT 아레나,0.00000,20250715,20250715
20250111,2025,01,11,KBL,정규시즌,정관장,LG,안양 정관장 아레나,0.00000,20250715,20250715
20250111,2025,01,11,KBL,정규시즌,소노,KCC,고양 소노 아레나,0.00000,20250715,20250715
20250112,2025,01,12,KBL,정규시즌,DB,현대모비스,원주종합체육관,0.00000,20250715,20250715
20250112,2025,01,12,KBL,정규시즌,정관장,한국가스공사,안양 정관장 아레나,0.00000,20250715,20250715
20250112,2025,01,12,KBL,정규시즌,소노,SK,고양 소노 아레나,0.00000,20250715,20250715
20250113,2025,01,13,KBL,정규시즌,KCC,삼성,부산사직체육관,0.00000,20250715,20250715
20250113,2025,01,13,KBL,정규시즌,KT,LG,수원 KT 아레나,0.00000,20250715,20250715
20250114,2025,01,14,KBL,정규시즌,DB,한국가스공사,원주종합체육관,0.00000,20250715,20250715
20250114,2025,01,14,KBL,정규시즌,SK,정관장,잠실학생체육관,0.00000,20250715,20250715
20250115,2025,01,15,KBL,정규시즌,LG,삼성,창원체육관,0.00000,20250715,20250715
20250115,2025,01,15,KBL,정규시즌,소노,현대모비스,고양 소노 아레나,0.00000,20250715,20250715
20250116,2025,01,16,KBL,정규시즌,SK,DB,잠실학생체육관,0.00000,20250715,20250715
20250116,2025,01,16,KBL,정규시즌,한국가스공사,KT,대구체육관,0.00000,20250715,20250715
20250117,2025,01,17,KBL,D리그 1차,KCC,상무,이천 LG 챔피언스파크,0.00000,20250715,20250715
20250117,2025,01,17,KBL,D리그 1차,SK,KT,이천 LG 챔피언스파크,0.00000,20250715,20250715
20250119,2025,01,19,KBL,올스타게임,크블몽 팀,공아지 팀,부산사직체육관,0.00000,20250715,20250715
20250120,2025,01,20,KBL,D리그 1차,한국가스공사,SK,이천 LG 챔피언스파크,0.00000,20250715,20250715
20250120,2025,01,20,KBL,D리그 1차,KT,현대모비스,이천 LG 챔피언스파크,0.00000,20250715,20250715
20250121,2025,01,21,KBL,D리그 1차,SK,LG,이천 LG 챔피언스파크,0.00000,20250715,20250715
20250121,2025,01,21,KBL,D리그 1차,상무,현대모비스,이천 LG 챔피언스파크,0.00000,20250715,20250715
20250122,2025,01,22,KBL,정규시즌,KT,삼성,수원 KT 아레나,0.00000,20250715,20250715
20250122,2025,01,22,KBL,정규시즌,정관장,DB,안양 정관장 아레나,0.00000,20250715,20250715
20250123,2025,01,23,KBL,D리그 1차,한국가스공사,KCC,이천 LG 챔피언스파크,0.00000,20250715,20250715
20250123,2025,01,23,KBL,정규시즌,현대모비스,SK,울산동천체육관,0.00000,20250715,20250715
20250123,2025,01,23,KBL,정규시즌,LG,소노,창원체육관,0.00000,20250715,20250715
20250124,2025,01,24,KBL,정규시즌,KT,정관장,수원 KT 아레나,0.00000,20250715,20250715
20250124,2025,01,24,KBL,정규시즌,DB,삼성,원주종합체육관,0.00000,20250715,20250715
20250125,2025,01,25,KBL,정규시즌,KCC,SK,부산사직체육관,0.00000,20250715,20250715
20250125,2025,01,25,KBL,정규시즌,LG,현대모비스,창원체육관,0.00000,20250715,20250715
20250125,2025,01,25,KBL,정규시즌,소노,한국가스공사,고양 소노 아레나,0.00000,20250715,20250715
20250126,2025,01,26,KBL,정규시즌,현대모비스,KT,울산동천체육관,0.00000,20250715,20250715
20250126,2025,01,26,KBL,정규시즌,삼성,정관장,잠실실내체육관,0.00000,20250715,20250715
20250126,2025,01,26,KBL,정규시즌,KCC,DB,부산사직체육관,0.00000,20250715,20250715
20250127,2025,01,27,KBL,D리그 1차,상무,SK,이천 LG 챔피언스파크,0.00000,20250715,20250715
20250127,2025,01,27,KBL,D리그 1차,LG,삼성,이천 LG 챔피언스파크,0.00000,20250715,20250715
20250128,2025,01,28,KBL,정규시즌,한국가스공사,KCC,대구체육관,0.00000,20250715,20250715
20250128,2025,01,28,KBL,정규시즌,소노,정관장,고양 소노 아레나,0.00000,20250715,20250715
20250129,2025,01,29,KBL,정규시즌,삼성,SK,잠실실내체육관,0.00000,20250715,20250715
20250129,2025,01,29,KBL,정규시즌,DB,KT,원주종합체육관,0.00000,20250715,20250715
20250130,2025,01,30,KBL,정규시즌,LG,한국가스공사,창원체육관,0.00000,20250715,20250715
20250130,2025,01,30,KBL,정규시즌,현대모비스,KCC,울산동천체육관,0.00000,20250715,20250715
20250131,2025,01,31,KBL,정규시즌,KT,소노,수원 KT 아레나,0.00000,20250715,20250715
20241201,2024,12,01,KBL,정규시즌,SK,KT,잠실학생체육관,0.00000,20250715,20250715
20241201,2024,12,01,KBL,정규시즌,소노,KCC,고양 소노 아레나,0.00000,20250715,20250715
20241201,2024,12,01,KBL,정규시즌,한국가스공사,정관장,대구체육관,0.00000,20250715,20250715
20241202,2024,12,02,KBL,정규시즌,삼성,현대모비스,잠실실내체육관,0.00000,20250715,20250715
20241203,2024,12,03,KBL,D리그 1차,LG,SK,이천 LG 챔피언스파크,0.00000,20250715,20250715
20241203,2024,12,03,KBL,D리그 1차,현대모비스,KT,이천 LG 챔피언스파크,0.00000,20250715,20250715
20241203,2024,12,03,KBL,정규시즌,한국가스공사,소노,대구체육관,0.00000,20250715,20250715
20241204,2024,12,04,KBL,정규시즌,DB,정관장,원주종합체육관,0.00000,20250715,20250715
20241205,2024,12,05,KBL,정규시즌,현대모비스,LG,울산동천체육관,0.00000,20250715,20250715
20241205,2024,12,05,KBL,정규시즌,한국가스공사,삼성,대구체육관,0.00000,20250715,20250715
20241206,2024,12,06,KBL,정규시즌,정관장,SK,안양 정관장 아레나,0.00000,20250715,20250715
20241206,2024,12,06,KBL,정규시즌,소노,KT,고양 소노 아레나,0.00000,20250715,20250715
20241207,2024,12,07,KBL,정규시즌,현대모비스,한국가스공사,울산동천체육관,0.00000,20250715,20250715
20241207,2024,12,07,KBL,정규시즌,삼성,KCC,잠실실내체육관,0.00000,20250715,20250715
20241207,2024,12,07,KBL,정규시즌,LG,DB,창원체육관,0.00000,20250715,20250715
20241208,2024,12,08,KBL,정규시즌,KT,KCC,수원 KT 아레나,0.00000,20250715,20250715
20241208,2024,12,08,KBL,정규시즌,소노,SK,고양 소노 아레나,0.00000,20250715,20250715
20241208,2024,12,08,KBL,정규시즌,현대모비스,정관장,울산동천체육관,0.00000,20250715,20250715
20241209,2024,12,09,KBL,정규시즌,한국가스공사,LG,대구체육관,0.00000,20250715,20250715
20241210,2024,12,10,KBL,정규시즌,KCC,SK,부산사직체육관,0.00000,20250715,20250715
20241211,2024,12,11,KBL,정규시즌,정관장,삼성,안양 정관장 아레나,0.00000,20250715,20250715
20241212,2024,12,12,KBL,정규시즌,한국가스공사,KCC,대구체육관,0.00000,20250715,20250715
20241212,2024,12,12,KBL,정규시즌,현대모비스,DB,울산동천체육관,0.00000,20250715,20250715
20241213,2024,12,13,KBL,정규시즌,소노,삼성,고양 소노 아레나,0.00000,20250715,20250715
20241213,2024,12,13,KBL,정규시즌,정관장,LG,안양 정관장 아레나,0.00000,20250715,20250715
20241214,2024,12,14,KBL,정규시즌,KCC,DB,부산사직체육관,0.00000,20250715,20250715
20241214,2024,12,14,KBL,정규시즌,KT,한국가스공사,수원 KT 아레나,0.00000,20250715,20250715
20241214,2024,12,14,KBL,정규시즌,SK,현대모비스,잠실학생체육관,0.00000,20250715,20250715
20241215,2024,12,15,KBL,정규시즌,KCC,LG,부산사직체육관,0.00000,20250715,20250715
20241215,2024,12,15,KBL,정규시즌,정관장,소노,안양 정관장 아레나,0.00000,20250715,20250715
20241215,2024,12,15,KBL,정규시즌,SK,삼성,잠실학생체육관,0.00000,20250715,20250715
20241216,2024,12,16,KBL,정규시즌,DB,KT,원주종합체육관,0.00000,20250715,20250715
20241217,2024,12,17,KBL,D리그 1차,SK,현대모비스,이천 LG 챔피언스파크,0.00000,20250715,20250715
20241217,2024,12,17,KBL,D리그 1차,한국가스공사,상무,이천 LG 챔피언스파크,0.00000,20250715,20250715
20241217,2024,12,17,KBL,정규시즌,LG,삼성,창원체육관,0.00000,20250715,20250715
20241218,2024,12,18,KBL,정규시즌,소노,KT,고양 소노 아레나,0.00000,20250715,20250715
20241219,2024,12,19,KBL,정규시즌,현대모비스,삼성,울산동천체육관,0.00000,20250715,20250715
20241219,2024,12,19,KBL,정규시즌,DB,정관장,원주종합체육관,0.00000,20250715,20250715
20241220,2024,12,20,KBL,정규시즌,LG,KCC,창원체육관,0.00000,20250715,20250715
20241220,2024,12,20,KBL,정규시즌,KT,한국가스공사,수원 KT 아레나,0.00000,20250715,20250715
20241221,2024,12,21,KBL,정규시즌,소노,삼성,고양 소노 아레나,0.00000,20250715,20250715
20241221,2024,12,21,KBL,정규시즌,정관장,SK,안양 정관장 아레나,0.00000,20250715,20250715
20241221,2024,12,21,KBL,정규시즌,DB,현대모비스,원주종합체육관,0.00000,20250715,20250715
20241222,2024,12,22,KBL,정규시즌,KCC,한국가스공사,부산사직체육관,0.00000,20250715,20250715
20241222,2024,12,22,KBL,정규시즌,정관장,LG,안양 정관장 아레나,0.00000,20250715,20250715
20241222,2024,12,22,KBL,정규시즌,DB,KT,원주종합체육관,0.00000,20250715,20250715
20241223,2024,12,23,KBL,D리그 1차,SK,삼성,이천 LG 챔피언스파크,0.00000,20250715,20250715
20241223,2024,12,23,KBL,D리그 1차,상무,LG,이천 LG 챔피언스파크,0.00000,20250715,20250715
20241224,2024,12,24,KBL,정규시즌,KT,현대모비스,수원 KT 아레나,0.00000,20250715,20250715
20241225,2024,12,25,KBL,정규시즌,KCC,정관장,부산사직체육관,0.00000,20250715,20250715
20241225,2024,12,25,KBL,정규시즌,소노,DB,고양 소노 아레나,0.00000,20250715,20250715
20241225,2024,12,25,KBL,정규시즌,SK,삼성,잠실학생체육관,0.00000,20250715,20250715
20241226,2024,12,26,KBL,D리그 1차,상무,KT,이천 LG 챔피언스파크,0.00000,20250715,20250715
20241226,2024,12,26,KBL,D리그 1차,현대모비스,삼성,이천 LG 챔피언스파크,0.00000,20250715,20250715
20241226,2024,12,26,KBL,정규시즌,한국가스공사,LG,대구체육관,0.00000,20250715,20250715
20241227,2024,12,27,KBL,정규시즌,KCC,현대모비스,부산사직체육관,0.00000,20250715,20250715
20241227,2024,12,27,KBL,정규시즌,DB,SK,원주종합체육관,0.00000,20250715,20250715
20241228,2024,12,28,KBL,정규시즌,LG,KT,창원체육관,0.00000,20250715,20250715
20241228,2024,12,28,KBL,정규시즌,한국가스공사,소노,대구체육관,0.00000,20250715,20250715
20241228,2024,12,28,KBL,정규시즌,정관장,삼성,안양 정관장 아레나,0.00000,20250715,20250715
20241229,2024,12,29,KBL,정규시즌,LG,DB,창원체육관,0.00000,20250715,20250715
20241229,2024,12,29,KBL,정규시즌,현대모비스,소노,울산동천체육관,0.00000,20250715,20250715
20241229,2024,12,29,KBL,정규시즌,KCC,SK,부산사직체육관,0.00000,20250715,20250715
20241231,2024,12,31,KBL,D리그 1차,삼성,KCC,이천 LG 챔피언스파크,0.00000,20250715,20250715
20241231,2024,12,31,KBL,정규시즌,현대모비스,한국가스공사,울산동천체육관,0.00000,20250715,20250715
20241101,2024,11,01,KBL,정규시즌,KCC,한국가스공사,부산사직체육관,0.00000,20250715,20250715
20241101,2024,11,01,KBL,정규시즌,LG,SK,창원체육관,0.00000,20250715,20250715
20241102,2024,11,02,KBL,정규시즌,KT,DB,수원 KT 아레나,0.00000,20250715,20250715
20241102,2024,11,02,KBL,정규시즌,현대모비스,정관장,울산동천체육관,0.00000,20250715,20250715
20241102,2024,11,02,KBL,정규시즌,삼성,소노,잠실실내체육관,0.00000,20250715,20250715
20241103,2024,11,03,KBL,정규시즌,LG,현대모비스,창원체육관,0.00000,20250715,20250715
20241103,2024,11,03,KBL,정규시즌,한국가스공사,SK,대구체육관,0.00000,20250715,20250715
20241103,2024,11,03,KBL,정규시즌,KCC,정관장,부산사직체육관,0.00000,20250715,20250715
20241104,2024,11,04,KBL,정규시즌,DB,소노,원주종합체육관,0.00000,20250715,20250715
20241105,2024,11,05,KBL,정규시즌,한국가스공사,KT,대구체육관,0.00000,20250715,20250715
20241106,2024,11,06,KBL,정규시즌,현대모비스,SK,울산동천체육관,0.00000,20250715,20250715
20241107,2024,11,07,KBL,정규시즌,삼성,LG,잠실실내체육관,0.00000,20250715,20250715
20241107,2024,11,07,KBL,정규시즌,정관장,KT,안양 정관장 아레나,0.00000,20250715,20250715
20241108,2024,11,08,KBL,정규시즌,현대모비스,DB,울산동천체육관,0.00000,20250715,20250715
20241108,2024,11,08,KBL,정규시즌,한국가스공사,소노,대구체육관,0.00000,20250715,20250715
20241109,2024,11,09,KBL,정규시즌,KT,LG,수원 KT 아레나,0.00000,20250715,20250715
20241109,2024,11,09,KBL,정규시즌,SK,KCC,잠실학생체육관,0.00000,20250715,20250715
20241109,2024,11,09,KBL,정규시즌,정관장,삼성,안양 정관장 아레나,0.00000,20250715,20250715
20241110,2024,11,10,KBL,정규시즌,DB,LG,원주종합체육관,0.00000,20250715,20250715
20241110,2024,11,10,KBL,정규시즌,한국가스공사,현대모비스,대구체육관,0.00000,20250715,20250715
20241110,2024,11,10,KBL,정규시즌,SK,소노,잠실학생체육관,0.00000,20250715,20250715
20241111,2024,11,11,KBL,정규시즌,KT,정관장,수원 KT 아레나,0.00000,20250715,20250715
20241112,2024,11,12,KBL,정규시즌,DB,SK,원주종합체육관,0.00000,20250715,20250715
20241113,2024,11,13,KBL,정규시즌,소노,현대모비스,고양 소노 아레나,0.00000,20250715,20250715
20241114,2024,11,14,KBL,정규시즌,한국가스공사,DB,대구체육관,0.00000,20250715,20250715
20241114,2024,11,14,KBL,정규시즌,LG,KT,창원체육관,0.00000,20250715,20250715
20241121,2024,11,21,KBL,D리그 1차,삼성,KT,이천 LG 챔피언스파크,0.00000,20250715,20250715
20241121,2024,11,21,KBL,D리그 1차,한국가스공사,현대모비스,이천 LG 챔피언스파크,0.00000,20250715,20250715
20241122,2024,11,22,KBL,D리그 1차,KCC,SK,이천 LG 챔피언스파크,0.00000,20250715,20250715
20241122,2024,11,22,KBL,D리그 1차,한국가스공사,LG,이천 LG 챔피언스파크,0.00000,20250715,20250715
20241123,2024,11,23,KBL,D리그 1차,KCC,KT,이천 LG 챔피언스파크,0.00000,20250715,20250715
20241123,2024,11,23,KBL,D리그 1차,LG,현대모비스,이천 LG 챔피언스파크,0.00000,20250715,20250715
20241125,2024,11,25,KBL,D리그 1차,KT,KCC,이천 LG 챔피언스파크,0.00000,20250715,20250715
20241125,2024,11,25,KBL,D리그 1차,현대모비스,한국가스공사,이천 LG 챔피언스파크,0.00000,20250715,20250715
20241126,2024,11,26,KBL,D리그 1차,KT,상무,이천 LG 챔피언스파크,0.00000,20250715,20250715
20241126,2024,11,26,KBL,D리그 1차,삼성,한국가스공사,이천 LG 챔피언스파크,0.00000,20250715,20250715
20241127,2024,11,27,KBL,정규시즌,KCC,현대모비스,부산사직체육관,0.00000,20250715,20250715
20241127,2024,11,27,KBL,정규시즌,LG,SK,창원체육관,0.00000,20250715,20250715
20241128,2024,11,28,KBL,정규시즌,삼성,KT,잠실실내체육관,0.00000,20250715,20250715
20241128,2024,11,28,KBL,정규시즌,DB,소노,원주종합체육관,0.00000,20250715,20250715
20241129,2024,11,29,KBL,정규시즌,SK,한국가스공사,잠실학생체육관,0.00000,20250715,20250715
20241129,2024,11,29,KBL,정규시즌,정관장,KCC,안양 정관장 아레나,0.00000,20250715,20250715
20241130,2024,11,30,KBL,정규시즌,KT,현대모비스,수원 KT 아레나,0.00000,20250715,20250715
20241130,2024,11,30,KBL,정규시즌,소노,LG,고양 소노 아레나,0.00000,20250715,20250715
20241130,2024,11,30,KBL,정규시즌,삼성,DB,잠실실내체육관,0.00000,20250715,20250715
20241005,2024,10,05,KBL,KBL컵대회,상무,삼성,제천체육관,0.00000,20250715,20250715
20241005,2024,10,05,KBL,KBL컵대회,소노,현대모비스,제천체육관,0.00000,20250715,20250715
20241006,2024,10,06,KBL,KBL컵대회,KT,KCC,제천체육관,0.00000,20250715,20250715
20241006,2024,10,06,KBL,KBL컵대회,SK,DB,제천체육관,0.00000,20250715,20250715
20241007,2024,10,07,KBL,KBL컵대회,정관장,소노,제천체육관,0.00000,20250715,20250715
20241007,2024,10,07,KBL,KBL컵대회,한국가스공사,상무,제천체육관,0.00000,20250715,20250715
20241008,2024,10,08,KBL,KBL컵대회,LG,KT,제천체육관,0.00000,20250715,20250715
20241008,2024,10,08,KBL,KBL컵대회,DB,SK,제천체육관,0.00000,20250715,20250715
20241009,2024,10,09,KBL,KBL컵대회,삼성,한국가스공사,제천체육관,0.00000,20250715,20250715
20241009,2024,10,09,KBL,KBL컵대회,현대모비스,정관장,제천체육관,0.00000,20250715,20250715
20241010,2024,10,10,KBL,KBL컵대회,KCC,LG,제천체육관,0.00000,20250715,20250715
20241012,2024,10,12,KBL,KBL컵대회,현대모비스,DB,제천체육관,0.00000,20250715,20250715
20241012,2024,10,12,KBL,KBL컵대회,한국가스공사,KT,제천체육관,0.00000,20250715,20250715
20241013,2024,10,13,KBL,KBL컵대회,DB,KT,제천체육관,0.00000,20250715,20250715
20241019,2024,10,19,KBL,정규시즌,KCC,KT,부산사직체육관,0.00000,20250715,20250715
20241019,2024,10,19,KBL,정규시즌,DB,삼성,원주종합체육관,0.00000,20250715,20250715
20241019,2024,10,19,KBL,정규시즌,LG,한국가스공사,창원체육관,0.00000,20250715,20250715
20241020,2024,10,20,KBL,정규시즌,KT,삼성,수원 KT 아레나,0.00000,20250715,20250715
20241020,2024,10,20,KBL,정규시즌,SK,정관장,잠실학생체육관,0.00000,20250715,20250715
20241020,2024,10,20,KBL,정규시즌,현대모비스,소노,울산동천체육관,0.00000,20250715,20250715
20241021,2024,10,21,KBL,정규시즌,LG,KCC,창원체육관,0.00000,20250715,20250715
20241022,2024,10,22,KBL,정규시즌,SK,DB,잠실학생체육관,0.00000,20250715,20250715
20241023,2024,10,23,KBL,정규시즌,KCC,소노,부산사직체육관,0.00000,20250715,20250715
20241024,2024,10,24,KBL,정규시즌,DB,한국가스공사,원주종합체육관,0.00000,20250715,20250715
20241024,2024,10,24,KBL,정규시즌,LG,정관장,창원체육관,0.00000,20250715,20250715
20241025,2024,10,25,KBL,정규시즌,KCC,현대모비스,부산사직체육관,0.00000,20250715,20250715
20241025,2024,10,25,KBL,정규시즌,KT,SK,수원 KT 아레나,0.00000,20250715,20250715
20241026,2024,10,26,KBL,정규시즌,한국가스공사,삼성,대구체육관,0.00000,20250715,20250715
20241026,2024,10,26,KBL,정규시즌,소노,LG,고양 소노 아레나,0.00000,20250715,20250715
20241026,2024,10,26,KBL,정규시즌,정관장,DB,안양 정관장 아레나,0.00000,20250715,20250715
20241027,2024,10,27,KBL,정규시즌,삼성,SK,잠실실내체육관,0.00000,20250715,20250715
20241027,2024,10,27,KBL,정규시즌,KT,현대모비스,수원 KT 아레나,0.00000,20250715,20250715
20241027,2024,10,27,KBL,정규시즌,DB,KCC,원주종합체육관,0.00000,20250715,20250715
20241028,2024,10,28,KBL,정규시즌,소노,정관장,고양 소노 아레나,0.00000,20250715,20250715
20241029,2024,10,29,KBL,정규시즌,삼성,KCC,잠실실내체육관,0.00000,20250715,20250715
20241030,2024,10,30,KBL,정규시즌,정관장,한국가스공사,안양 정관장 아레나,0.00000,20250715,20250715
20241031,2024,10,31,KBL,정규시즌,소노,KT,고양 소노 아레나,0.00000,20250715,20250715
20241031,2024,10,31,KBL,정규시즌,삼성,현대모비스,잠실실내체육관,0.00000,20250715,20250715
20240501,2024,05,01,KBL,챔피언결정전,KCC,KT,부산사직체육관,0.00000,20250715,20250715
20240503,2024,05,03,KBL,챔피언결정전,KCC,KT,부산사직체육관,0.00000,20250715,20250715
20240505,2024,05,05,KBL,챔피언결정전,KT,KCC,수원 KT 아레나,0.00000,20250715,20250715
20240404,2024,04,04,KBL,플레이오프,SK,KCC,잠실학생체육관,0.00000,20250715,20250715
20240405,2024,04,05,KBL,플레이오프,KT,현대모비스,수원 KT 아레나,0.00000,20250715,20250715
20240406,2024,04,06,KBL,플레이오프,SK,KCC,잠실학생체육관,0.00000,20250715,20250715
20240407,2024,04,07,KBL,플레이오프,KT,현대모비스,수원 KT 아레나,0.00000,20250715,20250715
20240408,2024,04,08,KBL,플레이오프,KCC,SK,부산사직체육관,0.00000,20250715,20250715
20240409,2024,04,09,KBL,플레이오프,현대모비스,KT,울산동천체육관,0.00000,20250715,20250715
20240411,2024,04,11,KBL,플레이오프,현대모비스,KT,울산동천체육관,0.00000,20250715,20250715
20240415,2024,04,15,KBL,플레이오프,DB,KCC,원주종합체육관,0.00000,20250715,20250715
20240416,2024,04,16,KBL,플레이오프,LG,KT,창원체육관,0.00000,20250715,20250715
20240417,2024,04,17,KBL,플레이오프,DB,KCC,원주종합체육관,0.00000,20250715,20250715
20240418,2024,04,18,KBL,플레이오프,LG,KT,창원체육관,0.00000,20250715,20250715
20240419,2024,04,19,KBL,플레이오프,KCC,DB,부산사직체육관,0.00000,20250715,20250715
20240420,2024,04,20,KBL,플레이오프,KT,LG,수원 KT 아레나,0.00000,20250715,20250715
20240421,2024,04,21,KBL,플레이오프,KCC,DB,부산사직체육관,0.00000,20250715,20250715
20240422,2024,04,22,KBL,플레이오프,KT,LG,수원 KT 아레나,0.00000,20250715,20250715
20240424,2024,04,24,KBL,플레이오프,LG,KT,창원체육관,0.00000,20250715,20250715
20240427,2024,04,27,KBL,챔피언결정전,KT,KCC,수원 KT 아레나,0.00000,20250715,20250715
20240429,2024,04,29,KBL,챔피언결정전,KT,KCC,수원 KT 아레나,0.00000,20250715,20250715
20240301,2024,03,01,KBL,정규시즌,SK,한국가스공사,잠실학생체육관,0.00000,20250715,20250715
20240301,2024,03,01,KBL,정규시즌,현대모비스,소노,울산동천체육관,0.00000,20250715,20250715
20240301,2024,03,01,KBL,정규시즌,LG,정관장,창원체육관,0.00000,20250715,20250715
20240302,2024,03,02,KBL,정규시즌,KCC,KT,부산사직체육관,0.00000,20250715,20250715
20240302,2024,03,02,KBL,정규시즌,DB,한국가스공사,원주종합체육관,0.00000,20250715,20250715
20240302,2024,03,02,KBL,정규시즌,삼성,현대모비스,잠실실내체육관,0.00000,20250715,20250715
20240303,2024,03,03,KBL,정규시즌,KT,LG,수원 KT 아레나,0.00000,20250715,20250715
20240303,2024,03,03,KBL,정규시즌,정관장,소노,안양 정관장 아레나,0.00000,20250715,20250715
20240303,2024,03,03,KBL,정규시즌,SK,KCC,잠실학생체육관,0.00000,20250715,20250715
20240304,2024,03,04,KBL,정규시즌,삼성,한국가스공사,잠실실내체육관,0.00000,20250715,20250715
20240305,2024,03,05,KBL,D리그 1차,KT,DB,이천 LG 챔피언스파크,0.00000,20250715,20250715
20240305,2024,03,05,KBL,D리그 1차,한국가스공사,LG,이천 LG 챔피언스파크,0.00000,20250715,20250715
20240305,2024,03,05,KBL,정규시즌,소노,KCC,고양 소노 아레나,0.00000,20250715,20250715
20240305,2024,03,05,KBL,정규시즌,SK,현대모비스,잠실학생체육관,0.00000,20250715,20250715
20240307,2024,03,07,KBL,정규시즌,LG,한국가스공사,창원체육관,0.00000,20250715,20250715
20240307,2024,03,07,KBL,정규시즌,삼성,DB,잠실실내체육관,0.00000,20250715,20250715
20240307,2024,03,07,KBL,정규시즌,KT,KCC,수원 KT 아레나,0.00000,20250715,20250715
20240309,2024,03,09,KBL,정규시즌,KT,현대모비스,수원 KT 아레나,0.00000,20250715,20250715
20240309,2024,03,09,KBL,정규시즌,DB,KCC,원주종합체육관,0.00000,20250715,20250715
20240309,2024,03,09,KBL,정규시즌,삼성,소노,잠실실내체육관,0.00000,20250715,20250715
20240311,2024,03,11,KBL,정규시즌,LG,KT,창원체육관,0.00000,20250715,20250715
20240312,2024,03,12,KBL,플레이오프,상무,DB,이천 LG 챔피언스파크,0.00000,20250715,20250715
20240312,2024,03,12,KBL,플레이오프,현대모비스,KT,이천 LG 챔피언스파크,0.00000,20250715,20250715
20240313,2024,03,13,KBL,챔피언결정전,상무,KT,이천 LG 챔피언스파크,0.00000,20250715,20250715
20240313,2024,03,13,KBL,정규시즌,정관장,소노,안양 정관장 아레나,0.00000,20250715,20250715
20240313,2024,03,13,KBL,정규시즌,SK,한국가스공사,잠실학생체육관,0.00000,20250715,20250715
20240314,2024,03,14,KBL,정규시즌,DB,KT,원주종합체육관,0.00000,20250715,20250715
20240314,2024,03,14,KBL,정규시즌,정관장,삼성,안양 정관장 아레나,0.00000,20250715,20250715
20240315,2024,03,15,KBL,정규시즌,한국가스공사,KCC,대구체육관,0.00000,20250715,20250715
20240315,2024,03,15,KBL,정규시즌,소노,LG,고양 소노 아레나,0.00000,20250715,20250715
20240316,2024,03,16,KBL,정규시즌,KT,삼성,수원 KT 아레나,0.00000,20250715,20250715
20240316,2024,03,16,KBL,정규시즌,현대모비스,DB,울산동천체육관,0.00000,20250715,20250715
20240316,2024,03,16,KBL,정규시즌,정관장,SK,안양 정관장 아레나,0.00000,20250715,20250715
20240317,2024,03,17,KBL,정규시즌,한국가스공사,소노,대구체육관,0.00000,20250715,20250715
20240317,2024,03,17,KBL,정규시즌,KCC,KT,부산사직체육관,0.00000,20250715,20250715
20240317,2024,03,17,KBL,정규시즌,LG,DB,창원체육관,0.00000,20250715,20250715
20240318,2024,03,18,KBL,정규시즌,삼성,현대모비스,잠실실내체육관,0.00000,20250715,20250715
20240319,2024,03,19,KBL,정규시즌,LG,정관장,창원체육관,0.00000,20250715,20250715
20240319,2024,03,19,KBL,정규시즌,SK,소노,잠실학생체육관,0.00000,20250715,20250715
20240320,2024,03,20,KBL,정규시즌,KCC,삼성,부산사직체육관,0.00000,20250715,20250715
20240321,2024,03,21,KBL,정규시즌,정관장,한국가스공사,안양 정관장 아레나,0.00000,20250715,20250715
20240321,2024,03,21,KBL,정규시즌,SK,DB,잠실학생체육관,0.00000,20250715,20250715
20240322,2024,03,22,KBL,정규시즌,KCC,LG,부산사직체육관,0.00000,20250715,20250715
20240322,2024,03,22,KBL,정규시즌,소노,현대모비스,고양 소노 아레나,0.00000,20250715,20250715
20240323,2024,03,23,KBL,정규시즌,KT,한국가스공사,수원 KT 아레나,0.00000,20250715,20250715
20240323,2024,03,23,KBL,정규시즌,DB,정관장,원주종합체육관,0.00000,20250715,20250715
20240323,2024,03,23,KBL,정규시즌,SK,삼성,잠실학생체육관,0.00000,20250715,20250715
20240324,2024,03,24,KBL,정규시즌,현대모비스,LG,울산동천체육관,0.00000,20250715,20250715
20240324,2024,03,24,KBL,정규시즌,DB,소노,원주종합체육관,0.00000,20250715,20250715
20240324,2024,03,24,KBL,정규시즌,삼성,KCC,잠실실내체육관,0.00000,20250715,20250715
20240325,2024,03,25,KBL,정규시즌,SK,KT,잠실학생체육관,0.00000,20250715,20250715
20240326,2024,03,26,KBL,정규시즌,KCC,정관장,부산사직체육관,0.00000,20250715,20250715
20240326,2024,03,26,KBL,정규시즌,한국가스공사,현대모비스,대구체육관,0.00000,20250715,20250715
20240328,2024,03,28,KBL,정규시즌,KT,정관장,수원 KT 아레나,0.00000,20250715,20250715
20240328,2024,03,28,KBL,정규시즌,SK,LG,잠실학생체육관,0.00000,20250715,20250715
20240329,2024,03,29,KBL,정규시즌,KCC,현대모비스,부산사직체육관,0.00000,20250715,20250715
20240331,2024,03,31,KBL,정규시즌,현대모비스,정관장,울산동천체육관,0.00000,20250715,20250715
20240331,2024,03,31,KBL,정규시즌,KCC,SK,부산사직체육관,0.00000,20250715,20250715
20240331,2024,03,31,KBL,정규시즌,DB,한국가스공사,원주종합체육관,0.00000,20250715,20250715
20240331,2024,03,31,KBL,정규시즌,소노,KT,고양 소노 아레나,0.00000,20250715,20250715
20240331,2024,03,31,KBL,정규시즌,LG,삼성,창원체육관,0.00000,20250715,20250715
20240201,2024,02,01,KBL,정규시즌,KT,한국가스공사,수원 KT 아레나,0.00000,20250715,20250715
20240201,2024,02,01,KBL,정규시즌,소노,LG,고양 소노 아레나,0.00000,20250715,20250715
20240202,2024,02,02,KBL,정규시즌,현대모비스,DB,울산동천체육관,0.00000,20250715,20250715
20240202,2024,02,02,KBL,정규시즌,KCC,정관장,부산사직체육관,0.00000,20250715,20250715
20240203,2024,02,03,KBL,정규시즌,SK,KT,잠실학생체육관,0.00000,20250715,20250715
20240203,2024,02,03,KBL,정규시즌,한국가스공사,소노,대구체육관,0.00000,20250715,20250715
20240203,2024,02,03,KBL,정규시즌,삼성,LG,잠실실내체육관,0.00000,20250715,20250715
20240204,2024,02,04,KBL,정규시즌,정관장,DB,안양 정관장 아레나,0.00000,20250715,20250715
20240204,2024,02,04,KBL,정규시즌,현대모비스,SK,울산동천체육관,0.00000,20250715,20250715
20240204,2024,02,04,KBL,정규시즌,삼성,KCC,잠실실내체육관,0.00000,20250715,20250715
20240205,2024,02,05,KBL,정규시즌,소노,KT,고양 소노 아레나,0.00000,20250715,20250715
20240206,2024,02,06,KBL,D리그 1차,현대모비스,KCC,이천 LG 챔피언스파크,0.00000,20250715,20250715
20240206,2024,02,06,KBL,D리그 1차,KT,상무,이천 LG 챔피언스파크,0.00000,20250715,20250715
20240206,2024,02,06,KBL,정규시즌,LG,DB,창원체육관,0.00000,20250715,20250715
20240206,2024,02,06,KBL,정규시즌,한국가스공사,삼성,대구체육관,0.00000,20250715,20250715
20240208,2024,02,08,KBL,정규시즌,KCC,LG,부산사직체육관,0.00000,20250715,20250715
20240208,2024,02,08,KBL,정규시즌,한국가스공사,현대모비스,대구체육관,0.00000,20250715,20250715
20240209,2024,02,09,KBL,정규시즌,KT,DB,수원 KT 아레나,0.00000,20250715,20250715
20240209,2024,02,09,KBL,정규시즌,소노,삼성,고양 소노 아레나,0.00000,20250715,20250715
20240210,2024,02,10,KBL,정규시즌,SK,정관장,잠실학생체육관,0.00000,20250715,20250715
20240210,2024,02,10,KBL,정규시즌,한국가스공사,LG,대구체육관,0.00000,20250715,20250715
20240210,2024,02,10,KBL,정규시즌,현대모비스,KCC,울산동천체육관,0.00000,20250715,20250715
20240211,2024,02,11,KBL,정규시즌,삼성,SK,잠실실내체육관,0.00000,20250715,20250715
20240211,2024,02,11,KBL,정규시즌,정관장,KT,안양 정관장 아레나,0.00000,20250715,20250715
20240211,2024,02,11,KBL,정규시즌,DB,소노,원주종합체육관,0.00000,20250715,20250715
20240212,2024,02,12,KBL,정규시즌,LG,현대모비스,창원체육관,0.00000,20250715,20250715
20240212,2024,02,12,KBL,정규시즌,KCC,한국가스공사,부산사직체육관,0.00000,20250715,20250715
20240213,2024,02,13,KBL,정규시즌,DB,SK,원주종합체육관,0.00000,20250715,20250715
20240213,2024,02,13,KBL,정규시즌,삼성,정관장,잠실실내체육관,0.00000,20250715,20250715
20240214,2024,02,14,KBL,정규시즌,KT,현대모비스,수원 KT 아레나,0.00000,20250715,20250715
20240214,2024,02,14,KBL,정규시즌,소노,KCC,고양 소노 아레나,0.00000,20250715,20250715
20240215,2024,02,15,KBL,D리그 1차,DB,KCC,이천 LG 챔피언스파크,0.00000,20250715,20250715
20240215,2024,02,15,KBL,D리그 1차,현대모비스,KT,이천 LG 챔피언스파크,0.00000,20250715,20250715
20240215,2024,02,15,KBL,정규시즌,정관장,한국가스공사,안양 정관장 아레나,0.00000,20250715,20250715
20240215,2024,02,15,KBL,정규시즌,SK,LG,잠실학생체육관,0.00000,20250715,20250715
20240228,2024,02,28,KBL,정규시즌,현대모비스,정관장,울산동천체육관,0.00000,20250715,20250715
20240228,2024,02,28,KBL,정규시즌,SK,소노,잠실학생체육관,0.00000,20250715,20250715
20240229,2024,02,29,KBL,정규시즌,KCC,DB,부산사직체육관,0.00000,20250715,20250715
20240229,2024,02,29,KBL,정규시즌,삼성,KT,잠실실내체육관,0.00000,20250715,20250715
20240101,2024,01,01,KBL,정규시즌,KT,KCC,수원 KT 아레나,0.00000,20250715,20250715
20240101,2024,01,01,KBL,정규시즌,삼성,SK,잠실실내체육관,0.00000,20250715,20250715
20240102,2024,01,02,KBL,정규시즌,DB,소노,원주종합체육관,0.00000,20250715,20250715
20240102,2024,01,02,KBL,정규시즌,정관장,LG,안양 정관장 아레나,0.00000,20250715,20250715
20240103,2024,01,03,KBL,정규시즌,KCC,SK,부산사직체육관,0.00000,20250715,20250715
20240104,2024,01,04,KBL,D리그 1차,LG,상무,이천 LG 챔피언스파크,0.00000,20250715,20250715
20240104,2024,01,04,KBL,D리그 1차,현대모비스,DB,이천 LG 챔피언스파크,0.00000,20250715,20250715
20240104,2024,01,04,KBL,정규시즌,한국가스공사,정관장,대구체육관,0.00000,20250715,20250715
20240104,2024,01,04,KBL,정규시즌,삼성,KT,잠실실내체육관,0.00000,20250715,20250715
20240105,2024,01,05,KBL,정규시즌,SK,소노,잠실학생체육관,0.00000,20250715,20250715
20240106,2024,01,06,KBL,정규시즌,LG,한국가스공사,창원체육관,0.00000,20250715,20250715
20240106,2024,01,06,KBL,정규시즌,현대모비스,KT,울산동천체육관,0.00000,20250715,20250715
20240106,2024,01,06,KBL,정규시즌,삼성,DB,잠실실내체육관,0.00000,20250715,20250715
20240107,2024,01,07,KBL,정규시즌,SK,정관장,잠실학생체육관,0.00000,20250715,20250715
20240107,2024,01,07,KBL,정규시즌,KCC,소노,부산사직체육관,0.00000,20250715,20250715
20240107,2024,01,07,KBL,정규시즌,LG,현대모비스,창원체육관,0.00000,20250715,20250715
20240108,2024,01,08,KBL,정규시즌,DB,KT,원주종합체육관,0.00000,20250715,20250715
20240108,2024,01,08,KBL,정규시즌,한국가스공사,삼성,대구체육관,0.00000,20250715,20250715
20240109,2024,01,09,KBL,정규시즌,LG,SK,창원체육관,0.00000,20250715,20250715
20240109,2024,01,09,KBL,정규시즌,KCC,현대모비스,부산사직체육관,0.00000,20250715,20250715
20240110,2024,01,10,KBL,D리그 1차,DB,한국가스공사,이천 LG 챔피언스파크,0.00000,20250715,20250715
20240110,2024,01,10,KBL,D리그 1차,상무,KT,이천 LG 챔피언스파크,0.00000,20250715,20250715
20240111,2024,01,11,KBL,D리그 1차,DB,LG,이천 LG 챔피언스파크,0.00000,20250715,20250715
20240111,2024,01,11,KBL,D리그 1차,한국가스공사,현대모비스,이천 LG 챔피언스파크,0.00000,20250715,20250715
20240111,2024,01,11,KBL,정규시즌,KCC,SK,부산사직체육관,0.00000,20250715,20250715
20240114,2024,01,14,KBL,올스타게임,크블몽 팀,공아지 팀,고양 소노 아레나,0.00000,20250715,20250715
20240115,2024,01,15,KBL,D리그 1차,한국가스공사,상무,이천 LG 챔피언스파크,0.00000,20250715,20250715
20240115,2024,01,15,KBL,D리그 1차,KCC,SK,이천 LG 챔피언스파크,0.00000,20250715,20250715
20240116,2024,01,16,KBL,D리그 1차,SK,한국가스공사,이천 LG 챔피언스파크,0.00000,20250715,20250715
20240116,2024,01,16,KBL,D리그 1차,KT,LG,이천 LG 챔피언스파크,0.00000,20250715,20250715
20240117,2024,01,17,KBL,정규시즌,KCC,DB,부산사직체육관,0.00000,20250715,20250715
20240117,2024,01,17,KBL,정규시즌,소노,정관장,고양 소노 아레나,0.00000,20250715,20250715
20240118,2024,01,18,KBL,정규시즌,한국가스공사,KT,대구체육관,0.00000,20250715,20250715
20240118,2024,01,18,KBL,정규시즌,SK,현대모비스,잠실학생체육관,0.00000,20250715,20250715
20240119,2024,01,19,KBL,정규시즌,KCC,LG,부산사직체육관,0.00000,20250715,20250715
20240119,2024,01,19,KBL,정규시즌,정관장,삼성,안양 정관장 아레나,0.00000,20250715,20250715
20240120,2024,01,20,KBL,정규시즌,현대모비스,한국가스공사,울산동천체육관,0.00000,20250715,20250715
20240120,2024,01,20,KBL,정규시즌,SK,DB,잠실학생체육관,0.00000,20250715,20250715
20240120,2024,01,20,KBL,정규시즌,소노,KT,고양 소노 아레나,0.00000,20250715,20250715
20240121,2024,01,21,KBL,정규시즌,DB,LG,원주종합체육관,0.00000,20250715,20250715
20240121,2024,01,21,KBL,정규시즌,삼성,KCC,잠실실내체육관,0.00000,20250715,20250715
20240121,2024,01,21,KBL,정규시즌,정관장,현대모비스,안양 정관장 아레나,0.00000,20250715,20250715
20240122,2024,01,22,KBL,정규시즌,SK,한국가스공사,잠실학생체육관,0.00000,20250715,20250715
20240123,2024,01,23,KBL,D리그 1차,LG,KT,이천 LG 챔피언스파크,0.00000,20250715,20250715
20240123,2024,01,23,KBL,D리그 1차,SK,KCC,이천 LG 챔피언스파크,0.00000,20250715,20250715
20240123,2024,01,23,KBL,정규시즌,DB,현대모비스,원주종합체육관,0.00000,20250715,20250715
20240123,2024,01,23,KBL,정규시즌,소노,삼성,고양 소노 아레나,0.00000,20250715,20250715
20240125,2024,01,25,KBL,정규시즌,KT,SK,수원 KT 아레나,0.00000,20250715,20250715
20240125,2024,01,25,KBL,정규시즌,한국가스공사,KCC,대구체육관,0.00000,20250715,20250715
20240126,2024,01,26,KBL,정규시즌,LG,삼성,창원체육관,0.00000,20250715,20250715
20240126,2024,01,26,KBL,정규시즌,현대모비스,소노,울산동천체육관,0.00000,20250715,20250715
20240127,2024,01,27,KBL,정규시즌,KT,정관장,수원 KT 아레나,0.00000,20250715,20250715
20240127,2024,01,27,KBL,정규시즌,한국가스공사,DB,대구체육관,0.00000,20250715,20250715
20240127,2024,01,27,KBL,정규시즌,SK,KCC,잠실학생체육관,0.00000,20250715,20250715
20240128,2024,01,28,KBL,정규시즌,KT,LG,수원 KT 아레나,0.00000,20250715,20250715
20240128,2024,01,28,KBL,정규시즌,현대모비스,삼성,울산동천체육관,0.00000,20250715,20250715
20240128,2024,01,28,KBL,정규시즌,소노,한국가스공사,고양 소노 아레나,0.00000,20250715,20250715
20240129,2024,01,29,KBL,정규시즌,KCC,정관장,부산사직체육관,0.00000,20250715,20250715
20240130,2024,01,30,KBL,D리그 1차,한국가스공사,KT,이천 LG 챔피언스파크,0.00000,20250715,20250715
20240130,2024,01,30,KBL,D리그 1차,현대모비스,상무,이천 LG 챔피언스파크,0.00000,20250715,20250715
20240130,2024,01,30,KBL,정규시즌,소노,LG,고양 소노 아레나,0.00000,20250715,20250715
20240130,2024,01,30,KBL,정규시즌,삼성,DB,잠실실내체육관,0.00000,20250715,20250715
20231201,2023,12,01,KBL,정규시즌,정관장,현대모비스,안양 정관장 아레나,0.00000,20250715,20250715
20231201,2023,12,01,KBL,정규시즌,삼성,소노,잠실실내체육관,0.00000,20250715,20250715
20231202,2023,12,02,KBL,정규시즌,DB,LG,원주종합체육관,0.00000,20250715,20250715
20231202,2023,12,02,KBL,정규시즌,SK,KCC,잠실학생체육관,0.00000,20250715,20250715
20231202,2023,12,02,KBL,정규시즌,한국가스공사,KT,대구체육관,0.00000,20250715,20250715
20231203,2023,12,03,KBL,정규시즌,현대모비스,소노,울산동천체육관,0.00000,20250715,20250715
20231203,2023,12,03,KBL,정규시즌,SK,정관장,잠실학생체육관,0.00000,20250715,20250715
20231203,2023,12,03,KBL,정규시즌,KCC,삼성,부산사직체육관,0.00000,20250715,20250715
20231204,2023,12,04,KBL,정규시즌,DB,한국가스공사,원주종합체육관,0.00000,20250715,20250715
20231205,2023,12,05,KBL,D리그 1차,KCC,상무,이천 LG 챔피언스파크,0.00000,20250715,20250715
20231205,2023,12,05,KBL,D리그 1차,현대모비스,SK,이천 LG 챔피언스파크,0.00000,20250715,20250715
20231205,2023,12,05,KBL,정규시즌,KT,소노,수원 KT 아레나,0.00000,20250715,20250715
20231205,2023,12,05,KBL,정규시즌,삼성,LG,잠실실내체육관,0.00000,20250715,20250715
20231207,2023,12,07,KBL,정규시즌,LG,KCC,창원체육관,0.00000,20250715,20250715
20231207,2023,12,07,KBL,정규시즌,현대모비스,SK,울산동천체육관,0.00000,20250715,20250715
20231208,2023,12,08,KBL,정규시즌,소노,한국가스공사,고양 소노 아레나,0.00000,20250715,20250715
20231208,2023,12,08,KBL,정규시즌,DB,삼성,원주종합체육관,0.00000,20250715,20250715
20231209,2023,12,09,KBL,정규시즌,현대모비스,정관장,울산동천체육관,0.00000,20250715,20250715
20231209,2023,12,09,KBL,정규시즌,LG,KT,창원체육관,0.00000,20250715,20250715
20231210,2023,12,10,KBL,정규시즌,소노,한국가스공사,고양 소노 아레나,0.00000,20250715,20250715
20231210,2023,12,10,KBL,정규시즌,DB,정관장,원주종합체육관,0.00000,20250715,20250715
20231211,2023,12,11,KBL,정규시즌,현대모비스,LG,울산동천체육관,0.00000,20250715,20250715
20231212,2023,12,12,KBL,정규시즌,KT,삼성,수원 KT 아레나,0.00000,20250715,20250715
20231212,2023,12,12,KBL,정규시즌,DB,SK,원주종합체육관,0.00000,20250715,20250715
20231212,2023,12,12,KBL,정규시즌,KCC,한국가스공사,부산사직체육관,0.00000,20250715,20250715
20231214,2023,12,14,KBL,정규시즌,한국가스공사,SK,대구체육관,0.00000,20250715,20250715
20231215,2023,12,15,KBL,정규시즌,KT,소노,수원 KT 아레나,0.00000,20250715,20250715
20231215,2023,12,15,KBL,정규시즌,KCC,DB,부산사직체육관,0.00000,20250715,20250715
20231216,2023,12,16,KBL,정규시즌,정관장,삼성,안양 정관장 아레나,0.00000,20250715,20250715
20231216,2023,12,16,KBL,정규시즌,한국가스공사,LG,대구체육관,0.00000,20250715,20250715
20231216,2023,12,16,KBL,정규시즌,SK,현대모비스,잠실학생체육관,0.00000,20250715,20250715
20231217,2023,12,17,KBL,정규시즌,DB,KT,원주종합체육관,0.00000,20250715,20250715
20231217,2023,12,17,KBL,정규시즌,LG,삼성,창원체육관,0.00000,20250715,20250715
20231217,2023,12,17,KBL,정규시즌,KCC,소노,부산사직체육관,0.00000,20250715,20250715
20231218,2023,12,18,KBL,D리그 1차,DB,SK,이천 LG 챔피언스파크,0.00000,20250715,20250715
20231218,2023,12,18,KBL,정규시즌,정관장,한국가스공사,안양 정관장 아레나,0.00000,20250715,20250715
20231219,2023,12,19,KBL,정규시즌,KT,SK,수원 KT 아레나,0.00000,20250715,20250715
20231219,2023,12,19,KBL,정규시즌,현대모비스,KCC,울산동천체육관,0.00000,20250715,20250715
20231221,2023,12,21,KBL,D리그 1차,KCC,현대모비스,이천 LG 챔피언스파크,0.00000,20250715,20250715
20231221,2023,12,21,KBL,D리그 1차,상무,LG,이천 LG 챔피언스파크,0.00000,20250715,20250715
20231221,2023,12,21,KBL,정규시즌,한국가스공사,DB,대구체육관,0.00000,20250715,20250715
20231221,2023,12,21,KBL,정규시즌,소노,SK,고양 소노 아레나,0.00000,20250715,20250715
20231222,2023,12,22,KBL,정규시즌,현대모비스,KT,울산동천체육관,0.00000,20250715,20250715
20231222,2023,12,22,KBL,정규시즌,정관장,KCC,안양 정관장 아레나,0.00000,20250715,20250715
20231223,2023,12,23,KBL,정규시즌,LG,SK,창원체육관,0.00000,20250715,20250715
20231223,2023,12,23,KBL,정규시즌,소노,DB,고양 소노 아레나,0.00000,20250715,20250715
20231223,2023,12,23,KBL,정규시즌,한국가스공사,삼성,대구체육관,0.00000,20250715,20250715
20231224,2023,12,24,KBL,정규시즌,소노,현대모비스,고양 소노 아레나,0.00000,20250715,20250715
20231224,2023,12,24,KBL,정규시즌,정관장,KT,안양 정관장 아레나,0.00000,20250715,20250715
20231224,2023,12,24,KBL,정규시즌,LG,KCC,창원체육관,0.00000,20250715,20250715
20231225,2023,12,25,KBL,정규시즌,DB,현대모비스,원주종합체육관,0.00000,20250715,20250715
20231225,2023,12,25,KBL,정규시즌,SK,삼성,잠실학생체육관,0.00000,20250715,20250715
20231225,2023,12,25,KBL,정규시즌,한국가스공사,KCC,대구체육관,0.00000,20250715,20250715
20231226,2023,12,26,KBL,정규시즌,LG,정관장,창원체육관,0.00000,20250715,20250715
20231228,2023,12,28,KBL,정규시즌,한국가스공사,KT,대구체육관,0.00000,20250715,20250715
20231228,2023,12,28,KBL,정규시즌,소노,정관장,고양 소노 아레나,0.00000,20250715,20250715
20231228,2023,12,28,KBL,정규시즌,현대모비스,삼성,울산동천체육관,0.00000,20250715,20250715
20231229,2023,12,29,KBL,정규시즌,DB,LG,원주종합체육관,0.00000,20250715,20250715
20231230,2023,12,30,KBL,정규시즌,소노,삼성,고양 소노 아레나,0.00000,20250715,20250715
20231230,2023,12,30,KBL,정규시즌,정관장,SK,안양 정관장 아레나,0.00000,20250715,20250715
20231230,2023,12,30,KBL,정규시즌,KT,KCC,수원 KT 아레나,0.00000,20250715,20250715
20231231,2023,12,31,KBL,정규시즌,정관장,DB,안양 정관장 아레나,0.00000,20250715,20250715
20231231,2023,12,31,KBL,정규시즌,LG,소노,창원체육관,0.00000,20250715,20250715
20231231,2023,12,31,KBL,정규시즌,한국가스공사,현대모비스,대구체육관,0.00000,20250715,20250715
20231101,2023,11,01,KBL,D리그 1차,KT,KCC,이천 LG 챔피언스파크,0.00000,20250715,20250715
20231101,2023,11,01,KBL,D리그 1차,DB,현대모비스,이천 LG 챔피언스파크,0.00000,20250715,20250715
20231102,2023,11,02,KBL,정규시즌,LG,소노,창원체육관,0.00000,20250715,20250715
20231102,2023,11,02,KBL,정규시즌,삼성,정관장,잠실실내체육관,0.00000,20250715,20250715
20231103,2023,11,03,KBL,정규시즌,현대모비스,KCC,울산동천체육관,0.00000,20250715,20250715
20231103,2023,11,03,KBL,정규시즌,한국가스공사,DB,대구체육관,0.00000,20250715,20250715
20231104,2023,11,04,KBL,정규시즌,LG,SK,창원체육관,0.00000,20250715,20250715
20231104,2023,11,04,KBL,정규시즌,정관장,소노,안양 정관장 아레나,0.00000,20250715,20250715
20231104,2023,11,04,KBL,정규시즌,삼성,KT,잠실실내체육관,0.00000,20250715,20250715
20231105,2023,11,05,KBL,정규시즌,현대모비스,DB,울산동천체육관,0.00000,20250715,20250715
20231105,2023,11,05,KBL,정규시즌,한국가스공사,정관장,대구체육관,0.00000,20250715,20250715
20231106,2023,11,06,KBL,정규시즌,KT,소노,수원 KT 아레나,0.00000,20250715,20250715
20231107,2023,11,07,KBL,D리그 1차,LG,현대모비스,이천 LG 챔피언스파크,0.00000,20250715,20250715
20231107,2023,11,07,KBL,D리그 1차,KT,한국가스공사,이천 LG 챔피언스파크,0.00000,20250715,20250715
20231107,2023,11,07,KBL,정규시즌,정관장,KCC,안양 정관장 아레나,0.00000,20250715,20250715
20231107,2023,11,07,KBL,정규시즌,DB,삼성,원주종합체육관,0.00000,20250715,20250715
20231109,2023,11,09,KBL,정규시즌,KT,한국가스공사,수원 KT 아레나,0.00000,20250715,20250715
20231109,2023,11,09,KBL,정규시즌,현대모비스,삼성,울산동천체육관,0.00000,20250715,20250715
20231110,2023,11,10,KBL,정규시즌,LG,KCC,창원체육관,0.00000,20250715,20250715
20231110,2023,11,10,KBL,정규시즌,DB,정관장,원주종합체육관,0.00000,20250715,20250715
20231111,2023,11,11,KBL,정규시즌,삼성,SK,잠실실내체육관,0.00000,20250715,20250715
20231111,2023,11,11,KBL,정규시즌,한국가스공사,소노,대구체육관,0.00000,20250715,20250715
20231111,2023,11,11,KBL,정규시즌,KT,현대모비스,수원 KT 아레나,0.00000,20250715,20250715
20231112,2023,11,12,KBL,정규시즌,DB,SK,원주종합체육관,0.00000,20250715,20250715
20231112,2023,11,12,KBL,정규시즌,정관장,LG,안양 정관장 아레나,0.00000,20250715,20250715
20231112,2023,11,12,KBL,정규시즌,소노,KCC,고양 소노 아레나,0.00000,20250715,20250715
20231113,2023,11,13,KBL,정규시즌,현대모비스,KT,울산동천체육관,0.00000,20250715,20250715
20231114,2023,11,14,KBL,D리그 1차,상무,한국가스공사,이천 LG 챔피언스파크,0.00000,20250715,20250715
20231114,2023,11,14,KBL,D리그 1차,LG,SK,이천 LG 챔피언스파크,0.00000,20250715,20250715
20231114,2023,11,14,KBL,정규시즌,DB,KCC,원주종합체육관,0.00000,20250715,20250715
20231114,2023,11,14,KBL,정규시즌,삼성,정관장,잠실실내체육관,0.00000,20250715,20250715
20231116,2023,11,16,KBL,정규시즌,DB,현대모비스,원주종합체육관,0.00000,20250715,20250715
20231116,2023,11,16,KBL,정규시즌,한국가스공사,SK,대구체육관,0.00000,20250715,20250715
20231117,2023,11,17,KBL,정규시즌,KCC,소노,부산사직체육관,0.00000,20250715,20250715
20231117,2023,11,17,KBL,정규시즌,정관장,LG,안양 정관장 아레나,0.00000,20250715,20250715
20231118,2023,11,18,KBL,정규시즌,KT,SK,수원 KT 아레나,0.00000,20250715,20250715
20231118,2023,11,18,KBL,정규시즌,현대모비스,한국가스공사,울산동천체육관,0.00000,20250715,20250715
20231118,2023,11,18,KBL,정규시즌,DB,삼성,원주종합체육관,0.00000,20250715,20250715
20231119,2023,11,19,KBL,정규시즌,LG,한국가스공사,창원체육관,0.00000,20250715,20250715
20231119,2023,11,19,KBL,정규시즌,정관장,KCC,안양 정관장 아레나,0.00000,20250715,20250715
20231119,2023,11,19,KBL,정규시즌,소노,DB,고양 소노 아레나,0.00000,20250715,20250715
20231120,2023,11,20,KBL,정규시즌,SK,삼성,잠실학생체육관,0.00000,20250715,20250715
20231121,2023,11,21,KBL,D리그 1차,KCC,LG,이천 LG 챔피언스파크,0.00000,20250715,20250715
20231121,2023,11,21,KBL,D리그 1차,SK,현대모비스,이천 LG 챔피언스파크,0.00000,20250715,20250715
20231121,2023,11,21,KBL,정규시즌,KT,DB,수원 KT 아레나,0.00000,20250715,20250715
20231121,2023,11,21,KBL,정규시즌,한국가스공사,정관장,대구체육관,0.00000,20250715,20250715
20231122,2023,11,22,KBL,D리그 1차,KCC,DB,이천 LG 챔피언스파크,0.00000,20250715,20250715
20231122,2023,11,22,KBL,D리그 1차,SK,KT,이천 LG 챔피언스파크,0.00000,20250715,20250715
20231123,2023,11,23,KBL,정규시즌,LG,현대모비스,창원체육관,0.00000,20250715,20250715
20231123,2023,11,23,KBL,정규시즌,삼성,한국가스공사,잠실실내체육관,0.00000,20250715,20250715
20231124,2023,11,24,KBL,정규시즌,정관장,KT,안양 정관장 아레나,0.00000,20250715,20250715
20231124,2023,11,24,KBL,정규시즌,SK,DB,잠실학생체육관,0.00000,20250715,20250715
20231125,2023,11,25,KBL,정규시즌,LG,소노,창원체육관,0.00000,20250715,20250715
20231125,2023,11,25,KBL,정규시즌,삼성,현대모비스,잠실실내체육관,0.00000,20250715,20250715
20231125,2023,11,25,KBL,정규시즌,KCC,한국가스공사,부산사직체육관,0.00000,20250715,20250715
20231126,2023,11,26,KBL,정규시즌,KT,삼성,수원 KT 아레나,0.00000,20250715,20250715
20231126,2023,11,26,KBL,정규시즌,정관장,DB,안양 정관장 아레나,0.00000,20250715,20250715
20231126,2023,11,26,KBL,정규시즌,소노,SK,고양 소노 아레나,0.00000,20250715,20250715
20231127,2023,11,27,KBL,D리그 1차,LG,한국가스공사,이천 LG 챔피언스파크,0.00000,20250715,20250715
20231127,2023,11,27,KBL,D리그 1차,상무,SK,이천 LG 챔피언스파크,0.00000,20250715,20250715
20231127,2023,11,27,KBL,정규시즌,KCC,현대모비스,부산사직체육관,0.00000,20250715,20250715
20231128,2023,11,28,KBL,정규시즌,KT,LG,수원 KT 아레나,0.00000,20250715,20250715
20231128,2023,11,28,KBL,정규시즌,소노,정관장,고양 소노 아레나,0.00000,20250715,20250715
20231129,2023,11,29,KBL,D리그 1차,한국가스공사,KCC,이천 LG 챔피언스파크,0.00000,20250715,20250715
20231129,2023,11,29,KBL,D리그 1차,SK,DB,이천 LG 챔피언스파크,0.00000,20250715,20250715
20231130,2023,11,30,KBL,정규시즌,KCC,KT,부산사직체육관,0.00000,20250715,20250715
20231130,2023,11,30,KBL,정규시즌,SK,LG,잠실학생체육관,0.00000,20250715,20250715
20231008,2023,10,08,KBL,KBL컵대회,상무,KT,군산월명체육관,0.00000,20250715,20250715
20231008,2023,10,08,KBL,KBL컵대회,삼성,SK,군산월명체육관,0.00000,20250715,20250715
20231009,2023,10,09,KBL,KBL컵대회,한국가스공사,KCC,군산월명체육관,0.00000,20250715,20250715
20231009,2023,10,09,KBL,KBL컵대회,정관장,현대모비스,군산월명체육관,0.00000,20250715,20250715
20231010,2023,10,10,KBL,KBL컵대회,소노,삼성,군산월명체육관,0.00000,20250715,20250715
20231010,2023,10,10,KBL,KBL컵대회,DB,상무,군산월명체육관,0.00000,20250715,20250715
20231011,2023,10,11,KBL,KBL컵대회,LG,한국가스공사,군산월명체육관,0.00000,20250715,20250715
20231011,2023,10,11,KBL,KBL컵대회,현대모비스,정관장,군산월명체육관,0.00000,20250715,20250715
20231012,2023,10,12,KBL,KBL컵대회,KT,DB,군산월명체육관,0.00000,20250715,20250715
20231012,2023,10,12,KBL,KBL컵대회,SK,소노,군산월명체육관,0.00000,20250715,20250715
20231013,2023,10,13,KBL,KBL컵대회,KCC,LG,군산월명체육관,0.00000,20250715,20250715
20231014,2023,10,14,KBL,KBL컵대회,SK,현대모비스,군산월명체육관,0.00000,20250715,20250715
20231014,2023,10,14,KBL,KBL컵대회,KT,KCC,군산월명체육관,0.00000,20250715,20250715
20231015,2023,10,15,KBL,KBL컵대회,현대모비스,KCC,군산월명체육관,0.00000,20250715,20250715
20231021,2023,10,21,KBL,정규시즌,정관장,SK,안양 정관장 아레나,0.00000,20250715,20250715
20231021,2023,10,21,KBL,정규시즌,LG,KT,창원체육관,0.00000,20250715,20250715
20231021,2023,10,21,KBL,정규시즌,현대모비스,한국가스공사,울산동천체육관,0.00000,20250715,20250715
20231022,2023,10,22,KBL,정규시즌,SK,KT,잠실학생체육관,0.00000,20250715,20250715
20231022,2023,10,22,KBL,정규시즌,소노,DB,고양 소노 아레나,0.00000,20250715,20250715
20231022,2023,10,22,KBL,정규시즌,KCC,삼성,부산사직체육관,0.00000,20250715,20250715
20231023,2023,10,23,KBL,정규시즌,현대모비스,LG,울산동천체육관,0.00000,20250715,20250715
20231024,2023,10,24,KBL,정규시즌,소노,SK,고양 소노 아레나,0.00000,20250715,20250715
20231026,2023,10,26,KBL,정규시즌,LG,DB,창원체육관,0.00000,20250715,20250715
20231027,2023,10,27,KBL,정규시즌,현대모비스,SK,울산동천체육관,0.00000,20250715,20250715
20231027,2023,10,27,KBL,정규시즌,삼성,소노,잠실실내체육관,0.00000,20250715,20250715
20231028,2023,10,28,KBL,정규시즌,DB,KCC,원주종합체육관,0.00000,20250715,20250715
20231028,2023,10,28,KBL,정규시즌,한국가스공사,LG,대구체육관,0.00000,20250715,20250715
20231028,2023,10,28,KBL,정규시즌,KT,정관장,수원 KT 아레나,0.00000,20250715,20250715
20231029,2023,10,29,KBL,정규시즌,삼성,LG,잠실실내체육관,0.00000,20250715,20250715
20231029,2023,10,29,KBL,정규시즌,한국가스공사,SK,대구체육관,0.00000,20250715,20250715
20231029,2023,10,29,KBL,정규시즌,소노,현대모비스,고양 소노 아레나,0.00000,20250715,20250715
20231030,2023,10,30,KBL,정규시즌,KT,DB,수원 KT 아레나,0.00000,20250715,20250715
20231031,2023,10,31,KBL,D리그 1차,상무,DB,이천 LG 챔피언스파크,0.00000,20250715,20250715
20231031,2023,10,31,KBL,정규시즌,정관장,현대모비스,안양 정관장 아레나,0.00000,20250715,20250715
20231031,2023,10,31,KBL,정규시즌,삼성,한국가스공사,잠실실내체육관,0.00000,20250715,20250715
20230501,2023,05,01,KBL,챔피언결정전,SK,정관장,잠실학생체육관,0.00000,20250715,20250715
20230503,2023,05,03,KBL,챔피언결정전,SK,정관장,잠실학생체육관,0.00000,20250715,20250715
20230505,2023,05,05,KBL,챔피언결정전,정관장,SK,안양실내체육관,0.00000,20250715,20250715
20230507,2023,05,07,KBL,챔피언결정전,정관장,SK,안양실내체육관,0.00000,20250715,20250715
20230402,2023,04,02,KBL,플레이오프,현대모비스,고양 캐롯,울산동천체육관,0.00000,20250715,20250715
20230403,2023,04,03,KBL,플레이오프,SK,KCC,잠실학생체육관,0.00000,20250715,20250715
20230404,2023,04,04,KBL,플레이오프,현대모비스,고양 캐롯,울산동천체육관,0.00000,20250715,20250715
20230405,2023,04,05,KBL,플레이오프,SK,KCC,잠실학생체육관,0.00000,20250715,20250715
20230406,2023,04,06,KBL,플레이오프,고양 캐롯,현대모비스,고양체육관,0.00000,20250715,20250715
20230407,2023,04,07,KBL,플레이오프,KCC,SK,전주실내체육관,0.00000,20250715,20250715
20230408,2023,04,08,KBL,플레이오프,고양 캐롯,현대모비스,고양체육관,0.00000,20250715,20250715
20230410,2023,04,10,KBL,플레이오프,현대모비스,고양 캐롯,울산동천체육관,0.00000,20250715,20250715
20230413,2023,04,13,KBL,플레이오프,정관장,고양 캐롯,안양실내체육관,0.00000,20250715,20250715
20230414,2023,04,14,KBL,플레이오프,LG,SK,창원체육관,0.00000,20250715,20250715
20230415,2023,04,15,KBL,플레이오프,정관장,고양 캐롯,안양실내체육관,0.00000,20250715,20250715
20230416,2023,04,16,KBL,플레이오프,LG,SK,창원체육관,0.00000,20250715,20250715
20230417,2023,04,17,KBL,플레이오프,고양 캐롯,정관장,고양체육관,0.00000,20250715,20250715
20230418,2023,04,18,KBL,플레이오프,SK,LG,잠실학생체육관,0.00000,20250715,20250715
20230419,2023,04,19,KBL,플레이오프,고양 캐롯,정관장,고양체육관,0.00000,20250715,20250715
20230425,2023,04,25,KBL,챔피언결정전,정관장,SK,안양실내체육관,0.00000,20250715,20250715
20230427,2023,04,27,KBL,챔피언결정전,정관장,SK,안양실내체육관,0.00000,20250715,20250715
20230429,2023,04,29,KBL,챔피언결정전,SK,정관장,잠실학생체육관,0.00000,20250715,20250715
20230301,2023,03,01,KBL,정규시즌,KCC,삼성,전주실내체육관,0.00000,20250715,20250715
20230301,2023,03,01,KBL,정규시즌,한국가스공사,고양 캐롯,대구체육관,0.00000,20250715,20250715
20230301,2023,03,01,KBL,정규시즌,KT,DB,수원 KT 아레나,0.00000,20250715,20250715
20230302,2023,03,02,KBL,정규시즌,현대모비스,LG,울산동천체육관,0.00000,20250715,20250715
20230304,2023,03,04,KBL,정규시즌,DB,한국가스공사,원주종합체육관,0.00000,20250715,20250715
20230304,2023,03,04,KBL,정규시즌,고양 캐롯,KCC,고양체육관,0.00000,20250715,20250715
20230304,2023,03,04,KBL,정규시즌,삼성,현대모비스,잠실실내체육관,0.00000,20250715,20250715
20230304,2023,03,04,KBL,정규시즌,LG,KT,창원체육관,0.00000,20250715,20250715
20230307,2023,03,07,KBL,정규시즌,DB,고양 캐롯,원주종합체육관,0.00000,20250715,20250715
20230308,2023,03,08,KBL,정규시즌,SK,KT,잠실학생체육관,0.00000,20250715,20250715
20230309,2023,03,09,KBL,정규시즌,KCC,LG,전주실내체육관,0.00000,20250715,20250715
20230309,2023,03,09,KBL,정규시즌,한국가스공사,고양 캐롯,대구체육관,0.00000,20250715,20250715
20230310,2023,03,10,KBL,정규시즌,현대모비스,SK,울산동천체육관,0.00000,20250715,20250715
20230310,2023,03,10,KBL,정규시즌,삼성,정관장,잠실실내체육관,0.00000,20250715,20250715
20230311,2023,03,11,KBL,정규시즌,고양 캐롯,LG,고양체육관,0.00000,20250715,20250715
20230311,2023,03,11,KBL,정규시즌,KCC,DB,전주실내체육관,0.00000,20250715,20250715
20230311,2023,03,11,KBL,정규시즌,한국가스공사,KT,대구체육관,0.00000,20250715,20250715
20230312,2023,03,12,KBL,정규시즌,KCC,삼성,전주실내체육관,0.00000,20250715,20250715
20230312,2023,03,12,KBL,정규시즌,SK,정관장,잠실학생체육관,0.00000,20250715,20250715
20230312,2023,03,12,KBL,정규시즌,DB,현대모비스,원주종합체육관,0.00000,20250715,20250715
20230313,2023,03,13,KBL,정규시즌,KT,고양 캐롯,수원 KT 아레나,0.00000,20250715,20250715
20230314,2023,03,14,KBL,정규시즌,현대모비스,한국가스공사,울산동천체육관,0.00000,20250715,20250715
20230315,2023,03,15,KBL,정규시즌,고양 캐롯,KCC,고양체육관,0.00000,20250715,20250715
20230316,2023,03,16,KBL,정규시즌,삼성,DB,잠실실내체육관,0.00000,20250715,20250715
20230316,2023,03,16,KBL,정규시즌,정관장,LG,안양실내체육관,0.00000,20250715,20250715
20230317,2023,03,17,KBL,정규시즌,한국가스공사,SK,대구체육관,0.00000,20250715,20250715
20230317,2023,03,17,KBL,정규시즌,현대모비스,KCC,울산동천체육관,0.00000,20250715,20250715
20230318,2023,03,18,KBL,정규시즌,삼성,LG,잠실실내체육관,0.00000,20250715,20250715
20230318,2023,03,18,KBL,정규시즌,DB,고양 캐롯,원주종합체육관,0.00000,20250715,20250715
20230318,2023,03,18,KBL,정규시즌,정관장,KT,안양실내체육관,0.00000,20250715,20250715
20230319,2023,03,19,KBL,정규시즌,삼성,SK,잠실실내체육관,0.00000,20250715,20250715
20230319,2023,03,19,KBL,정규시즌,KT,현대모비스,수원 KT 아레나,0.00000,20250715,20250715
20230319,2023,03,19,KBL,정규시즌,LG,DB,창원체육관,0.00000,20250715,20250715
20230320,2023,03,20,KBL,정규시즌,정관장,KCC,안양실내체육관,0.00000,20250715,20250715
20230321,2023,03,21,KBL,정규시즌,현대모비스,삼성,울산동천체육관,0.00000,20250715,20250715
20230322,2023,03,22,KBL,정규시즌,SK,고양 캐롯,잠실학생체육관,0.00000,20250715,20250715
20230323,2023,03,23,KBL,정규시즌,LG,한국가스공사,창원체육관,0.00000,20250715,20250715
20230323,2023,03,23,KBL,정규시즌,DB,KT,원주종합체육관,0.00000,20250715,20250715
20230324,2023,03,24,KBL,정규시즌,SK,KCC,잠실학생체육관,0.00000,20250715,20250715
20230324,2023,03,24,KBL,정규시즌,현대모비스,정관장,울산동천체육관,0.00000,20250715,20250715
20230325,2023,03,25,KBL,정규시즌,KT,LG,수원 KT 아레나,0.00000,20250715,20250715
20230325,2023,03,25,KBL,정규시즌,삼성,고양 캐롯,잠실실내체육관,0.00000,20250715,20250715
20230325,2023,03,25,KBL,정규시즌,DB,한국가스공사,원주종합체육관,0.00000,20250715,20250715
20230326,2023,03,26,KBL,정규시즌,KCC,KT,전주실내체육관,0.00000,20250715,20250715
20230326,2023,03,26,KBL,정규시즌,LG,SK,창원체육관,0.00000,20250715,20250715
20230326,2023,03,26,KBL,정규시즌,정관장,DB,안양실내체육관,0.00000,20250715,20250715
20230327,2023,03,27,KBL,정규시즌,고양 캐롯,현대모비스,고양체육관,0.00000,20250715,20250715
20230327,2023,03,27,KBL,정규시즌,삼성,한국가스공사,잠실실내체육관,0.00000,20250715,20250715
20230329,2023,03,29,KBL,정규시즌,SK,DB,잠실학생체육관,0.00000,20250715,20250715
20230329,2023,03,29,KBL,정규시즌,LG,현대모비스,창원체육관,0.00000,20250715,20250715
20230329,2023,03,29,KBL,정규시즌,KT,삼성,수원 KT 아레나,0.00000,20250715,20250715
20230329,2023,03,29,KBL,정규시즌,KCC,한국가스공사,전주실내체육관,0.00000,20250715,20250715
20230329,2023,03,29,KBL,정규시즌,고양 캐롯,정관장,고양체육관,0.00000,20250715,20250715
20230201,2023,02,01,KBL,정규시즌,SK,LG,잠실학생체육관,0.00000,20250715,20250715
20230202,2023,02,02,KBL,정규시즌,고양 캐롯,정관장,고양체육관,0.00000,20250715,20250715
20230202,2023,02,02,KBL,정규시즌,삼성,KT,잠실실내체육관,0.00000,20250715,20250715
20230203,2023,02,03,KBL,정규시즌,LG,DB,창원체육관,0.00000,20250715,20250715
20230204,2023,02,04,KBL,정규시즌,정관장,삼성,안양실내체육관,0.00000,20250715,20250715
20230204,2023,02,04,KBL,정규시즌,현대모비스,고양 캐롯,울산동천체육관,0.00000,20250715,20250715
20230204,2023,02,04,KBL,정규시즌,한국가스공사,KT,대구체육관,0.00000,20250715,20250715
20230205,2023,02,05,KBL,정규시즌,현대모비스,DB,울산동천체육관,0.00000,20250715,20250715
20230205,2023,02,05,KBL,정규시즌,KCC,LG,전주실내체육관,0.00000,20250715,20250715
20230205,2023,02,05,KBL,정규시즌,SK,고양 캐롯,잠실학생체육관,0.00000,20250715,20250715
20230206,2023,02,06,KBL,정규시즌,KT,정관장,수원 KT 아레나,0.00000,20250715,20250715
20230207,2023,02,07,KBL,D리그 1차,KCC,KT,이천 LG 챔피언스파크,0.00000,20250715,20250715
20230207,2023,02,07,KBL,정규시즌,SK,현대모비스,잠실학생체육관,0.00000,20250715,20250715
20230208,2023,02,08,KBL,정규시즌,한국가스공사,LG,대구체육관,0.00000,20250715,20250715
20230209,2023,02,09,KBL,정규시즌,정관장,DB,안양실내체육관,0.00000,20250715,20250715
20230209,2023,02,09,KBL,정규시즌,KCC,현대모비스,전주실내체육관,0.00000,20250715,20250715
20230210,2023,02,10,KBL,정규시즌,LG,삼성,창원체육관,0.00000,20250715,20250715
20230210,2023,02,10,KBL,정규시즌,고양 캐롯,KT,고양체육관,0.00000,20250715,20250715
20230211,2023,02,11,KBL,정규시즌,SK,한국가스공사,잠실학생체육관,0.00000,20250715,20250715
20230211,2023,02,11,KBL,정규시즌,정관장,현대모비스,안양실내체육관,0.00000,20250715,20250715
20230212,2023,02,12,KBL,정규시즌,SK,LG,잠실학생체육관,0.00000,20250715,20250715
20230212,2023,02,12,KBL,정규시즌,KT,KCC,수원 KT 아레나,0.00000,20250715,20250715
20230212,2023,02,12,KBL,정규시즌,한국가스공사,정관장,대구체육관,0.00000,20250715,20250715
20230213,2023,02,13,KBL,정규시즌,삼성,DB,잠실실내체육관,0.00000,20250715,20250715
20230214,2023,02,14,KBL,D리그 1차,상무,한국가스공사,이천 LG 챔피언스파크,0.00000,20250715,20250715
20230214,2023,02,14,KBL,D리그 1차,KCC,현대모비스,이천 LG 챔피언스파크,0.00000,20250715,20250715
20230214,2023,02,14,KBL,정규시즌,SK,KT,잠실학생체육관,0.00000,20250715,20250715
20230215,2023,02,15,KBL,정규시즌,정관장,LG,안양실내체육관,0.00000,20250715,20250715
20230216,2023,02,16,KBL,정규시즌,한국가스공사,현대모비스,대구체육관,0.00000,20250715,20250715
20230216,2023,02,16,KBL,정규시즌,삼성,SK,잠실실내체육관,0.00000,20250715,20250715
20230217,2023,02,17,KBL,정규시즌,LG,고양 캐롯,창원체육관,0.00000,20250715,20250715
20230217,2023,02,17,KBL,정규시즌,정관장,KCC,안양실내체육관,0.00000,20250715,20250715
20230218,2023,02,18,KBL,정규시즌,DB,SK,원주종합체육관,0.00000,20250715,20250715
20230218,2023,02,18,KBL,정규시즌,삼성,한국가스공사,잠실실내체육관,0.00000,20250715,20250715
20230218,2023,02,18,KBL,정규시즌,현대모비스,KT,울산동천체육관,0.00000,20250715,20250715
20230219,2023,02,19,KBL,정규시즌,고양 캐롯,삼성,고양체육관,0.00000,20250715,20250715
20230219,2023,02,19,KBL,정규시즌,한국가스공사,KCC,대구체육관,0.00000,20250715,20250715
20230219,2023,02,19,KBL,정규시즌,SK,정관장,잠실학생체육관,0.00000,20250715,20250715
20230220,2023,02,20,KBL,D리그 1차,SK,LG,이천 LG 챔피언스파크,0.00000,20250715,20250715
20230220,2023,02,20,KBL,D리그 1차,현대모비스,상무,이천 LG 챔피언스파크,0.00000,20250715,20250715
20230221,2023,02,21,KBL,플레이오프,LG,KT,이천 LG 챔피언스파크,0.00000,20250715,20250715
20230221,2023,02,21,KBL,플레이오프,상무,한국가스공사,이천 LG 챔피언스파크,0.00000,20250715,20250715
20230223,2023,02,23,KBL,정규시즌,KCC,SK,전주실내체육관,0.00000,20250715,20250715
20230225,2023,02,25,KBL,정규시즌,DB,KCC,원주종합체육관,0.00000,20250715,20250715
20230226,2023,02,26,KBL,정규시즌,정관장,한국가스공사,안양실내체육관,0.00000,20250715,20250715
20230227,2023,02,27,KBL,챔피언결정전,상무,LG,이천 LG 챔피언스파크,0.00000,20250715,20250715
20230101,2023,01,01,KBL,정규시즌,고양 캐롯,KT,고양체육관,0.00000,20250715,20250715
20230101,2023,01,01,KBL,정규시즌,삼성,SK,잠실실내체육관,0.00000,20250715,20250715
20230101,2023,01,01,KBL,정규시즌,LG,현대모비스,창원체육관,0.00000,20250715,20250715
20230102,2023,01,02,KBL,정규시즌,DB,정관장,원주종합체육관,0.00000,20250715,20250715
20230103,2023,01,03,KBL,D리그 1차,현대모비스,LG,이천 LG 챔피언스파크,0.00000,20250715,20250715
20230103,2023,01,03,KBL,D리그 1차,KT,한국가스공사,이천 LG 챔피언스파크,0.00000,20250715,20250715
20230103,2023,01,03,KBL,정규시즌,KCC,고양 캐롯,군산월명체육관,0.00000,20250715,20250715
20230104,2023,01,04,KBL,정규시즌,SK,DB,잠실학생체육관,0.00000,20250715,20250715
20230105,2023,01,05,KBL,정규시즌,고양 캐롯,현대모비스,고양체육관,0.00000,20250715,20250715
20230105,2023,01,05,KBL,정규시즌,삼성,LG,잠실실내체육관,0.00000,20250715,20250715
20230106,2023,01,06,KBL,정규시즌,KCC,SK,군산월명체육관,0.00000,20250715,20250715
20230106,2023,01,06,KBL,정규시즌,정관장,KT,안양실내체육관,0.00000,20250715,20250715
20230107,2023,01,07,KBL,정규시즌,현대모비스,DB,울산동천체육관,0.00000,20250715,20250715
20230107,2023,01,07,KBL,정규시즌,LG,고양 캐롯,창원체육관,0.00000,20250715,20250715
20230107,2023,01,07,KBL,정규시즌,한국가스공사,삼성,대구체육관,0.00000,20250715,20250715
20230108,2023,01,08,KBL,정규시즌,현대모비스,KT,울산동천체육관,0.00000,20250715,20250715
20230108,2023,01,08,KBL,정규시즌,정관장,SK,안양실내체육관,0.00000,20250715,20250715
20230108,2023,01,08,KBL,정규시즌,삼성,KCC,잠실실내체육관,0.00000,20250715,20250715
20230109,2023,01,09,KBL,정규시즌,고양 캐롯,한국가스공사,고양체육관,0.00000,20250715,20250715
20230110,2023,01,10,KBL,정규시즌,KT,KCC,수원 KT 아레나,0.00000,20250715,20250715
20230110,2023,01,10,KBL,정규시즌,SK,LG,잠실학생체육관,0.00000,20250715,20250715
20230111,2023,01,11,KBL,정규시즌,현대모비스,정관장,울산동천체육관,0.00000,20250715,20250715
20230112,2023,01,12,KBL,D리그 1차,LG,한국가스공사,이천 LG 챔피언스파크,0.00000,20250715,20250715
20230112,2023,01,12,KBL,D리그 1차,SK,상무,이천 LG 챔피언스파크,0.00000,20250715,20250715
20230115,2023,01,15,KBL,올스타게임,팀 허웅,팀 이대성,수원 KT 아레나,0.00000,20250715,20250715
20230117,2023,01,17,KBL,정규시즌,DB,LG,원주종합체육관,0.00000,20250715,20250715
20230118,2023,01,18,KBL,D리그 1차,한국가스공사,현대모비스,이천 LG 챔피언스파크,0.00000,20250715,20250715
20230118,2023,01,18,KBL,D리그 1차,SK,KCC,이천 LG 챔피언스파크,0.00000,20250715,20250715
20230119,2023,01,19,KBL,정규시즌,고양 캐롯,DB,고양체육관,0.00000,20250715,20250715
20230119,2023,01,19,KBL,정규시즌,삼성,KT,잠실실내체육관,0.00000,20250715,20250715
20230120,2023,01,20,KBL,정규시즌,LG,한국가스공사,창원체육관,0.00000,20250715,20250715
20230120,2023,01,20,KBL,정규시즌,현대모비스,KCC,울산동천체육관,0.00000,20250715,20250715
20230121,2023,01,21,KBL,정규시즌,KT,SK,수원 KT 아레나,0.00000,20250715,20250715
20230121,2023,01,21,KBL,정규시즌,고양 캐롯,정관장,고양체육관,0.00000,20250715,20250715
20230121,2023,01,21,KBL,정규시즌,삼성,DB,잠실실내체육관,0.00000,20250715,20250715
20230122,2023,01,22,KBL,정규시즌,한국가스공사,현대모비스,대구체육관,0.00000,20250715,20250715
20230122,2023,01,22,KBL,정규시즌,LG,KCC,창원체육관,0.00000,20250715,20250715
20230122,2023,01,22,KBL,정규시즌,정관장,삼성,안양실내체육관,0.00000,20250715,20250715
20230123,2023,01,23,KBL,정규시즌,DB,KT,원주종합체육관,0.00000,20250715,20250715
20230123,2023,01,23,KBL,정규시즌,SK,고양 캐롯,잠실학생체육관,0.00000,20250715,20250715
20230124,2023,01,24,KBL,정규시즌,현대모비스,LG,울산동천체육관,0.00000,20250715,20250715
20230124,2023,01,24,KBL,정규시즌,KCC,한국가스공사,전주실내체육관,0.00000,20250715,20250715
20230125,2023,01,25,KBL,D리그 1차,KCC,상무,이천 LG 챔피언스파크,0.00000,20250715,20250715
20230125,2023,01,25,KBL,D리그 1차,KT,현대모비스,이천 LG 챔피언스파크,0.00000,20250715,20250715
20230126,2023,01,26,KBL,정규시즌,DB,한국가스공사,원주종합체육관,0.00000,20250715,20250715
20230127,2023,01,27,KBL,정규시즌,삼성,현대모비스,잠실실내체육관,0.00000,20250715,20250715
20230127,2023,01,27,KBL,정규시즌,KT,고양 캐롯,수원 KT 아레나,0.00000,20250715,20250715
20230128,2023,01,28,KBL,정규시즌,SK,한국가스공사,잠실학생체육관,0.00000,20250715,20250715
20230128,2023,01,28,KBL,정규시즌,LG,정관장,창원체육관,0.00000,20250715,20250715
20230128,2023,01,28,KBL,정규시즌,DB,KCC,원주종합체육관,0.00000,20250715,20250715
20230129,2023,01,29,KBL,정규시즌,KT,LG,수원 KT 아레나,0.00000,20250715,20250715
20230129,2023,01,29,KBL,정규시즌,정관장,한국가스공사,안양실내체육관,0.00000,20250715,20250715
20230129,2023,01,29,KBL,정규시즌,현대모비스,SK,울산동천체육관,0.00000,20250715,20250715
20230130,2023,01,30,KBL,정규시즌,고양 캐롯,삼성,고양체육관,0.00000,20250715,20250715
20230131,2023,01,31,KBL,정규시즌,KT,한국가스공사,수원 KT 아레나,0.00000,20250715,20250715
20230131,2023,01,31,KBL,정규시즌,KCC,정관장,전주실내체육관,0.00000,20250715,20250715
